============================================================
Starting Python automatic-requeue example
============================================================
Job ID        : 15378
Restart count : 0
Node          : holy7c26504.rc.fas.harvard.edu
Time          : Wed Sep 23 18:41:21 EDT 2026
============================================================
========================================================================
Monte Carlo Pi - Automatic Slurm Checkpoint/Restart
========================================================================
Slurm job ID        : 15378
Slurm restart count : 0
Hostname            : holy7c26504
------------------------------------------------------------------------
Number of darts     : 1,000,000,000
Random seed         : 42
Checkpoint interval : 5,000,000
Checkpoint file     : checkpoints/pi_requeue.pkl
========================================================================

No checkpoint found.
Starting a new calculation.

darts =    1,000,000 / 1,000,000,000   pi = 3.14024400   error = 1.349e-03   elapsed = 0.28 s
darts =    2,000,000 / 1,000,000,000   pi = 3.14123400   error = 3.587e-04   elapsed = 0.57 s
darts =    3,000,000 / 1,000,000,000   pi = 3.14173733   error = 1.447e-04   elapsed = 0.85 s
darts =    4,000,000 / 1,000,000,000   pi = 3.14225500   error = 6.623e-04   elapsed = 1.13 s
darts =    5,000,000 / 1,000,000,000   pi = 3.14223440   error = 6.417e-04   elapsed = 1.41 s
  --> periodic checkpoint saved at dart 5,000,000
darts =    6,000,000 / 1,000,000,000   pi = 3.14191867   error = 3.260e-04   elapsed = 1.73 s
darts =    7,000,000 / 1,000,000,000   pi = 3.14220171   error = 6.091e-04   elapsed = 2.01 s
darts =    8,000,000 / 1,000,000,000   pi = 3.14195350   error = 3.608e-04   elapsed = 2.30 s
darts =    9,000,000 / 1,000,000,000   pi = 3.14197689   error = 3.842e-04   elapsed = 2.58 s
darts =   10,000,000 / 1,000,000,000   pi = 3.14217360   error = 5.809e-04   elapsed = 2.86 s
  --> periodic checkpoint saved at dart 10,000,000
darts =   11,000,000 / 1,000,000,000   pi = 3.14213600   error = 5.433e-04   elapsed = 3.16 s
darts =   12,000,000 / 1,000,000,000   pi = 3.14208800   error = 4.953e-04   elapsed = 3.44 s
darts =   13,000,000 / 1,000,000,000   pi = 3.14209785   error = 5.052e-04   elapsed = 3.72 s
darts =   14,000,000 / 1,000,000,000   pi = 3.14214886   error = 5.562e-04   elapsed = 4.01 s
darts =   15,000,000 / 1,000,000,000   pi = 3.14209093   error = 4.983e-04   elapsed = 4.29 s
  --> periodic checkpoint saved at dart 15,000,000
darts =   16,000,000 / 1,000,000,000   pi = 3.14186150   error = 2.688e-04   elapsed = 4.59 s
darts =   17,000,000 / 1,000,000,000   pi = 3.14188047   error = 2.878e-04   elapsed = 4.87 s
darts =   18,000,000 / 1,000,000,000   pi = 3.14175289   error = 1.602e-04   elapsed = 5.15 s
darts =   19,000,000 / 1,000,000,000   pi = 3.14177158   error = 1.789e-04   elapsed = 5.44 s
darts =   20,000,000 / 1,000,000,000   pi = 3.14184720   error = 2.545e-04   elapsed = 5.72 s
  --> periodic checkpoint saved at dart 20,000,000
darts =   21,000,000 / 1,000,000,000   pi = 3.14186324   error = 2.706e-04   elapsed = 6.02 s
darts =   22,000,000 / 1,000,000,000   pi = 3.14178218   error = 1.895e-04   elapsed = 6.30 s
darts =   23,000,000 / 1,000,000,000   pi = 3.14183200   error = 2.393e-04   elapsed = 6.58 s
darts =   24,000,000 / 1,000,000,000   pi = 3.14194100   error = 3.483e-04   elapsed = 6.87 s
darts =   25,000,000 / 1,000,000,000   pi = 3.14199248   error = 3.998e-04   elapsed = 7.15 s
  --> periodic checkpoint saved at dart 25,000,000
darts =   26,000,000 / 1,000,000,000   pi = 3.14192369   error = 3.310e-04   elapsed = 7.45 s
darts =   27,000,000 / 1,000,000,000   pi = 3.14191037   error = 3.177e-04   elapsed = 7.73 s
darts =   28,000,000 / 1,000,000,000   pi = 3.14190357   error = 3.109e-04   elapsed = 8.01 s
darts =   29,000,000 / 1,000,000,000   pi = 3.14182883   error = 2.362e-04   elapsed = 8.30 s
darts =   30,000,000 / 1,000,000,000   pi = 3.14181453   error = 2.219e-04   elapsed = 8.58 s
  --> periodic checkpoint saved at dart 30,000,000
darts =   31,000,000 / 1,000,000,000   pi = 3.14175484   error = 1.622e-04   elapsed = 8.88 s
darts =   32,000,000 / 1,000,000,000   pi = 3.14172675   error = 1.341e-04   elapsed = 9.16 s
darts =   33,000,000 / 1,000,000,000   pi = 3.14171055   error = 1.179e-04   elapsed = 9.44 s
darts =   34,000,000 / 1,000,000,000   pi = 3.14156282   error = 2.983e-05   elapsed = 9.73 s
darts =   35,000,000 / 1,000,000,000   pi = 3.14159086   error = 1.796e-06   elapsed = 10.01 s
  --> periodic checkpoint saved at dart 35,000,000
darts =   36,000,000 / 1,000,000,000   pi = 3.14161500   error = 2.235e-05   elapsed = 10.31 s
darts =   37,000,000 / 1,000,000,000   pi = 3.14163892   error = 4.627e-05   elapsed = 10.59 s
darts =   38,000,000 / 1,000,000,000   pi = 3.14164905   error = 5.640e-05   elapsed = 10.87 s
darts =   39,000,000 / 1,000,000,000   pi = 3.14167364   error = 8.099e-05   elapsed = 11.16 s
darts =   40,000,000 / 1,000,000,000   pi = 3.14170010   error = 1.074e-04   elapsed = 11.44 s
  --> periodic checkpoint saved at dart 40,000,000
darts =   41,000,000 / 1,000,000,000   pi = 3.14172956   error = 1.369e-04   elapsed = 11.74 s
darts =   42,000,000 / 1,000,000,000   pi = 3.14169590   error = 1.033e-04   elapsed = 12.02 s
darts =   43,000,000 / 1,000,000,000   pi = 3.14164121   error = 4.856e-05   elapsed = 12.30 s
darts =   44,000,000 / 1,000,000,000   pi = 3.14160227   error = 9.619e-06   elapsed = 12.59 s
darts =   45,000,000 / 1,000,000,000   pi = 3.14163769   error = 4.504e-05   elapsed = 12.87 s
  --> periodic checkpoint saved at dart 45,000,000
darts =   46,000,000 / 1,000,000,000   pi = 3.14161757   error = 2.491e-05   elapsed = 13.17 s
darts =   47,000,000 / 1,000,000,000   pi = 3.14159464   error = 1.985e-06   elapsed = 13.45 s
darts =   48,000,000 / 1,000,000,000   pi = 3.14152575   error = 6.690e-05   elapsed = 13.73 s
darts =   49,000,000 / 1,000,000,000   pi = 3.14155453   error = 3.812e-05   elapsed = 14.02 s
darts =   50,000,000 / 1,000,000,000   pi = 3.14155256   error = 4.009e-05   elapsed = 14.30 s
  --> periodic checkpoint saved at dart 50,000,000
darts =   51,000,000 / 1,000,000,000   pi = 3.14156071   error = 3.195e-05   elapsed = 14.60 s
darts =   52,000,000 / 1,000,000,000   pi = 3.14151631   error = 7.635e-05   elapsed = 14.89 s
darts =   53,000,000 / 1,000,000,000   pi = 3.14152098   error = 7.167e-05   elapsed = 15.17 s
darts =   54,000,000 / 1,000,000,000   pi = 3.14152556   error = 6.710e-05   elapsed = 15.45 s
darts =   55,000,000 / 1,000,000,000   pi = 3.14149818   error = 9.447e-05   elapsed = 15.74 s
  --> periodic checkpoint saved at dart 55,000,000
darts =   56,000,000 / 1,000,000,000   pi = 3.14149429   error = 9.837e-05   elapsed = 16.04 s
darts =   57,000,000 / 1,000,000,000   pi = 3.14152821   error = 6.444e-05   elapsed = 16.32 s
darts =   58,000,000 / 1,000,000,000   pi = 3.14156766   error = 2.500e-05   elapsed = 16.60 s
darts =   59,000,000 / 1,000,000,000   pi = 3.14155627   error = 3.638e-05   elapsed = 16.89 s
darts =   60,000,000 / 1,000,000,000   pi = 3.14157480   error = 1.785e-05   elapsed = 17.17 s
  --> periodic checkpoint saved at dart 60,000,000
darts =   61,000,000 / 1,000,000,000   pi = 3.14158426   error = 8.391e-06   elapsed = 17.47 s
darts =   62,000,000 / 1,000,000,000   pi = 3.14159148   error = 1.170e-06   elapsed = 17.75 s
darts =   63,000,000 / 1,000,000,000   pi = 3.14160248   error = 9.823e-06   elapsed = 18.04 s
darts =   64,000,000 / 1,000,000,000   pi = 3.14161887   error = 2.622e-05   elapsed = 18.32 s
darts =   65,000,000 / 1,000,000,000   pi = 3.14157902   error = 1.364e-05   elapsed = 18.60 s
  --> periodic checkpoint saved at dart 65,000,000
darts =   66,000,000 / 1,000,000,000   pi = 3.14155721   error = 3.544e-05   elapsed = 18.90 s
darts =   67,000,000 / 1,000,000,000   pi = 3.14155749   error = 3.516e-05   elapsed = 19.18 s
darts =   68,000,000 / 1,000,000,000   pi = 3.14158335   error = 9.301e-06   elapsed = 19.47 s
darts =   69,000,000 / 1,000,000,000   pi = 3.14158064   error = 1.202e-05   elapsed = 19.75 s
darts =   70,000,000 / 1,000,000,000   pi = 3.14155897   error = 3.368e-05   elapsed = 20.03 s
  --> periodic checkpoint saved at dart 70,000,000
darts =   71,000,000 / 1,000,000,000   pi = 3.14156896   error = 2.370e-05   elapsed = 20.33 s
darts =   72,000,000 / 1,000,000,000   pi = 3.14156111   error = 3.154e-05   elapsed = 20.62 s
darts =   73,000,000 / 1,000,000,000   pi = 3.14153611   error = 5.654e-05   elapsed = 20.90 s
darts =   74,000,000 / 1,000,000,000   pi = 3.14156114   error = 3.152e-05   elapsed = 21.18 s
darts =   75,000,000 / 1,000,000,000   pi = 3.14155883   error = 3.383e-05   elapsed = 21.46 s
  --> periodic checkpoint saved at dart 75,000,000
darts =   76,000,000 / 1,000,000,000   pi = 3.14154900   error = 4.365e-05   elapsed = 21.76 s
darts =   77,000,000 / 1,000,000,000   pi = 3.14158509   error = 7.563e-06   elapsed = 22.04 s
darts =   78,000,000 / 1,000,000,000   pi = 3.14158749   error = 5.166e-06   elapsed = 22.33 s
darts =   79,000,000 / 1,000,000,000   pi = 3.14158901   error = 3.641e-06   elapsed = 22.61 s
darts =   80,000,000 / 1,000,000,000   pi = 3.14159675   error = 4.096e-06   elapsed = 22.89 s
  --> periodic checkpoint saved at dart 80,000,000
darts =   81,000,000 / 1,000,000,000   pi = 3.14160844   error = 1.579e-05   elapsed = 23.19 s
darts =   82,000,000 / 1,000,000,000   pi = 3.14159283   error = 1.757e-07   elapsed = 23.48 s
darts =   83,000,000 / 1,000,000,000   pi = 3.14157933   error = 1.333e-05   elapsed = 23.76 s
darts =   84,000,000 / 1,000,000,000   pi = 3.14157267   error = 1.999e-05   elapsed = 24.04 s
darts =   85,000,000 / 1,000,000,000   pi = 3.14156753   error = 2.512e-05   elapsed = 24.32 s
  --> periodic checkpoint saved at dart 85,000,000
darts =   86,000,000 / 1,000,000,000   pi = 3.14155367   error = 3.898e-05   elapsed = 24.62 s
darts =   87,000,000 / 1,000,000,000   pi = 3.14152189   error = 7.077e-05   elapsed = 24.90 s
darts =   88,000,000 / 1,000,000,000   pi = 3.14152605   error = 6.661e-05   elapsed = 25.19 s
darts =   89,000,000 / 1,000,000,000   pi = 3.14152881   error = 6.384e-05   elapsed = 25.47 s
darts =   90,000,000 / 1,000,000,000   pi = 3.14153111   error = 6.154e-05   elapsed = 25.75 s
  --> periodic checkpoint saved at dart 90,000,000
darts =   91,000,000 / 1,000,000,000   pi = 3.14150738   error = 8.527e-05   elapsed = 26.05 s
darts =   92,000,000 / 1,000,000,000   pi = 3.14152843   error = 6.422e-05   elapsed = 26.33 s
darts =   93,000,000 / 1,000,000,000   pi = 3.14153970   error = 5.295e-05   elapsed = 26.62 s
darts =   94,000,000 / 1,000,000,000   pi = 3.14153540   error = 5.725e-05   elapsed = 26.90 s
darts =   95,000,000 / 1,000,000,000   pi = 3.14152678   error = 6.587e-05   elapsed = 27.18 s
  --> periodic checkpoint saved at dart 95,000,000
darts =   96,000,000 / 1,000,000,000   pi = 3.14152542   error = 6.724e-05   elapsed = 27.48 s
darts =   97,000,000 / 1,000,000,000   pi = 3.14155278   error = 3.987e-05   elapsed = 27.76 s
darts =   98,000,000 / 1,000,000,000   pi = 3.14150686   error = 8.580e-05   elapsed = 28.05 s
darts =   99,000,000 / 1,000,000,000   pi = 3.14152315   error = 6.950e-05   elapsed = 28.33 s
darts =  100,000,000 / 1,000,000,000   pi = 3.14152532   error = 6.733e-05   elapsed = 28.61 s
  --> periodic checkpoint saved at dart 100,000,000
darts =  101,000,000 / 1,000,000,000   pi = 3.14153006   error = 6.259e-05   elapsed = 28.91 s
darts =  102,000,000 / 1,000,000,000   pi = 3.14151894   error = 7.371e-05   elapsed = 29.19 s
darts =  103,000,000 / 1,000,000,000   pi = 3.14151254   error = 8.011e-05   elapsed = 29.48 s
darts =  104,000,000 / 1,000,000,000   pi = 3.14150473   error = 8.792e-05   elapsed = 29.76 s
darts =  105,000,000 / 1,000,000,000   pi = 3.14150834   error = 8.431e-05   elapsed = 30.05 s
  --> periodic checkpoint saved at dart 105,000,000
darts =  106,000,000 / 1,000,000,000   pi = 3.14149242   error = 1.002e-04   elapsed = 30.34 s
darts =  107,000,000 / 1,000,000,000   pi = 3.14150363   error = 8.903e-05   elapsed = 30.63 s
darts =  108,000,000 / 1,000,000,000   pi = 3.14148048   error = 1.122e-04   elapsed = 30.91 s
darts =  109,000,000 / 1,000,000,000   pi = 3.14146804   error = 1.246e-04   elapsed = 31.19 s
darts =  110,000,000 / 1,000,000,000   pi = 3.14148836   error = 1.043e-04   elapsed = 31.47 s
  --> periodic checkpoint saved at dart 110,000,000
darts =  111,000,000 / 1,000,000,000   pi = 3.14148861   error = 1.040e-04   elapsed = 31.77 s
darts =  112,000,000 / 1,000,000,000   pi = 3.14151825   error = 7.440e-05   elapsed = 32.06 s
darts =  113,000,000 / 1,000,000,000   pi = 3.14151972   error = 7.294e-05   elapsed = 32.34 s
darts =  114,000,000 / 1,000,000,000   pi = 3.14152288   error = 6.978e-05   elapsed = 32.62 s
darts =  115,000,000 / 1,000,000,000   pi = 3.14156605   error = 2.660e-05   elapsed = 32.90 s
  --> periodic checkpoint saved at dart 115,000,000
darts =  116,000,000 / 1,000,000,000   pi = 3.14157800   error = 1.465e-05   elapsed = 33.20 s
darts =  117,000,000 / 1,000,000,000   pi = 3.14156875   error = 2.390e-05   elapsed = 33.48 s
darts =  118,000,000 / 1,000,000,000   pi = 3.14157651   error = 1.615e-05   elapsed = 33.77 s
darts =  119,000,000 / 1,000,000,000   pi = 3.14157244   error = 2.022e-05   elapsed = 34.05 s
darts =  120,000,000 / 1,000,000,000   pi = 3.14157003   error = 2.262e-05   elapsed = 34.33 s
  --> periodic checkpoint saved at dart 120,000,000
darts =  121,000,000 / 1,000,000,000   pi = 3.14156992   error = 2.274e-05   elapsed = 34.63 s
darts =  122,000,000 / 1,000,000,000   pi = 3.14159039   error = 2.260e-06   elapsed = 34.91 s
darts =  123,000,000 / 1,000,000,000   pi = 3.14156865   error = 2.400e-05   elapsed = 35.20 s
darts =  124,000,000 / 1,000,000,000   pi = 3.14156539   error = 2.727e-05   elapsed = 35.48 s
darts =  125,000,000 / 1,000,000,000   pi = 3.14155898   error = 3.368e-05   elapsed = 35.76 s
  --> periodic checkpoint saved at dart 125,000,000
darts =  126,000,000 / 1,000,000,000   pi = 3.14159187   error = 7.806e-07   elapsed = 36.06 s
darts =  127,000,000 / 1,000,000,000   pi = 3.14158570   error = 6.953e-06   elapsed = 36.35 s
darts =  128,000,000 / 1,000,000,000   pi = 3.14158359   error = 9.060e-06   elapsed = 36.63 s
darts =  129,000,000 / 1,000,000,000   pi = 3.14156831   error = 2.434e-05   elapsed = 36.91 s
darts =  130,000,000 / 1,000,000,000   pi = 3.14157514   error = 1.752e-05   elapsed = 37.19 s
  --> periodic checkpoint saved at dart 130,000,000
darts =  131,000,000 / 1,000,000,000   pi = 3.14155508   error = 3.757e-05   elapsed = 37.49 s
darts =  132,000,000 / 1,000,000,000   pi = 3.14156618   error = 2.647e-05   elapsed = 37.78 s
darts =  133,000,000 / 1,000,000,000   pi = 3.14157465   error = 1.801e-05   elapsed = 38.06 s
darts =  134,000,000 / 1,000,000,000   pi = 3.14158839   error = 4.266e-06   elapsed = 38.34 s
darts =  135,000,000 / 1,000,000,000   pi = 3.14157935   error = 1.331e-05   elapsed = 38.63 s
  --> periodic checkpoint saved at dart 135,000,000
darts =  136,000,000 / 1,000,000,000   pi = 3.14156206   error = 3.059e-05   elapsed = 38.92 s
darts =  137,000,000 / 1,000,000,000   pi = 3.14157177   error = 2.089e-05   elapsed = 39.21 s
darts =  138,000,000 / 1,000,000,000   pi = 3.14159264   error = 1.591e-08   elapsed = 39.49 s
darts =  139,000,000 / 1,000,000,000   pi = 3.14159885   error = 6.195e-06   elapsed = 39.77 s
darts =  140,000,000 / 1,000,000,000   pi = 3.14159146   error = 1.196e-06   elapsed = 40.06 s
  --> periodic checkpoint saved at dart 140,000,000
darts =  141,000,000 / 1,000,000,000   pi = 3.14156953   error = 2.312e-05   elapsed = 40.35 s
darts =  142,000,000 / 1,000,000,000   pi = 3.14157820   error = 1.446e-05   elapsed = 40.64 s
darts =  143,000,000 / 1,000,000,000   pi = 3.14157264   error = 2.001e-05   elapsed = 40.92 s
darts =  144,000,000 / 1,000,000,000   pi = 3.14157189   error = 2.076e-05   elapsed = 41.20 s
darts =  145,000,000 / 1,000,000,000   pi = 3.14156179   error = 3.086e-05   elapsed = 41.49 s
  --> periodic checkpoint saved at dart 145,000,000
darts =  146,000,000 / 1,000,000,000   pi = 3.14158362   error = 9.037e-06   elapsed = 41.78 s
darts =  147,000,000 / 1,000,000,000   pi = 3.14159216   error = 4.903e-07   elapsed = 42.07 s
darts =  148,000,000 / 1,000,000,000   pi = 3.14159300   error = 3.464e-07   elapsed = 42.35 s
darts =  149,000,000 / 1,000,000,000   pi = 3.14158983   error = 2.828e-06   elapsed = 42.63 s
darts =  150,000,000 / 1,000,000,000   pi = 3.14159576   error = 3.106e-06   elapsed = 42.92 s
  --> periodic checkpoint saved at dart 150,000,000
darts =  151,000,000 / 1,000,000,000   pi = 3.14158821   error = 4.442e-06   elapsed = 43.21 s
darts =  152,000,000 / 1,000,000,000   pi = 3.14159355   error = 8.990e-07   elapsed = 43.50 s
darts =  153,000,000 / 1,000,000,000   pi = 3.14160871   error = 1.605e-05   elapsed = 43.78 s
darts =  154,000,000 / 1,000,000,000   pi = 3.14160068   error = 8.022e-06   elapsed = 44.06 s
darts =  155,000,000 / 1,000,000,000   pi = 3.14159357   error = 9.206e-07   elapsed = 44.34 s
  --> periodic checkpoint saved at dart 155,000,000
darts =  156,000,000 / 1,000,000,000   pi = 3.14159797   error = 5.321e-06   elapsed = 44.64 s
darts =  157,000,000 / 1,000,000,000   pi = 3.14161536   error = 2.271e-05   elapsed = 44.93 s
darts =  158,000,000 / 1,000,000,000   pi = 3.14161514   error = 2.249e-05   elapsed = 45.21 s
darts =  159,000,000 / 1,000,000,000   pi = 3.14161592   error = 2.327e-05   elapsed = 45.49 s
darts =  160,000,000 / 1,000,000,000   pi = 3.14161408   error = 2.142e-05   elapsed = 45.77 s
  --> periodic checkpoint saved at dart 160,000,000
darts =  161,000,000 / 1,000,000,000   pi = 3.14160042   error = 7.769e-06   elapsed = 46.07 s
darts =  162,000,000 / 1,000,000,000   pi = 3.14159970   error = 7.050e-06   elapsed = 46.35 s
darts =  163,000,000 / 1,000,000,000   pi = 3.14159745   error = 4.794e-06   elapsed = 46.64 s
darts =  164,000,000 / 1,000,000,000   pi = 3.14159073   error = 1.922e-06   elapsed = 46.92 s
darts =  165,000,000 / 1,000,000,000   pi = 3.14158621   error = 6.448e-06   elapsed = 47.20 s
  --> periodic checkpoint saved at dart 165,000,000
darts =  166,000,000 / 1,000,000,000   pi = 3.14158448   error = 8.172e-06   elapsed = 47.50 s
darts =  167,000,000 / 1,000,000,000   pi = 3.14159169   error = 9.650e-07   elapsed = 47.78 s
darts =  168,000,000 / 1,000,000,000   pi = 3.14159955   error = 6.894e-06   elapsed = 48.06 s
darts =  169,000,000 / 1,000,000,000   pi = 3.14160933   error = 1.667e-05   elapsed = 48.35 s
darts =  170,000,000 / 1,000,000,000   pi = 3.14160433   error = 1.168e-05   elapsed = 48.63 s
  --> periodic checkpoint saved at dart 170,000,000
darts =  171,000,000 / 1,000,000,000   pi = 3.14159960   error = 6.949e-06   elapsed = 48.93 s
darts =  172,000,000 / 1,000,000,000   pi = 3.14159749   error = 4.835e-06   elapsed = 49.21 s
darts =  173,000,000 / 1,000,000,000   pi = 3.14159482   error = 2.167e-06   elapsed = 49.49 s
darts =  174,000,000 / 1,000,000,000   pi = 3.14159492   error = 2.266e-06   elapsed = 49.77 s
darts =  175,000,000 / 1,000,000,000   pi = 3.14160539   error = 1.274e-05   elapsed = 50.06 s
  --> periodic checkpoint saved at dart 175,000,000
darts =  176,000,000 / 1,000,000,000   pi = 3.14162377   error = 3.112e-05   elapsed = 50.36 s
darts =  177,000,000 / 1,000,000,000   pi = 3.14162866   error = 3.600e-05   elapsed = 50.64 s
darts =  178,000,000 / 1,000,000,000   pi = 3.14162470   error = 3.204e-05   elapsed = 50.92 s
darts =  179,000,000 / 1,000,000,000   pi = 3.14162688   error = 3.423e-05   elapsed = 51.21 s
darts =  180,000,000 / 1,000,000,000   pi = 3.14162476   error = 3.210e-05   elapsed = 51.49 s
  --> periodic checkpoint saved at dart 180,000,000
darts =  181,000,000 / 1,000,000,000   pi = 3.14162504   error = 3.239e-05   elapsed = 51.78 s
darts =  182,000,000 / 1,000,000,000   pi = 3.14161495   error = 2.229e-05   elapsed = 52.07 s
darts =  183,000,000 / 1,000,000,000   pi = 3.14161528   error = 2.263e-05   elapsed = 52.35 s
darts =  184,000,000 / 1,000,000,000   pi = 3.14160746   error = 1.480e-05   elapsed = 52.63 s
darts =  185,000,000 / 1,000,000,000   pi = 3.14159178   error = 8.698e-07   elapsed = 52.92 s
  --> periodic checkpoint saved at dart 185,000,000
darts =  186,000,000 / 1,000,000,000   pi = 3.14159256   error = 9.445e-08   elapsed = 53.21 s
darts =  187,000,000 / 1,000,000,000   pi = 3.14159256   error = 9.744e-08   elapsed = 53.50 s
darts =  188,000,000 / 1,000,000,000   pi = 3.14160536   error = 1.271e-05   elapsed = 53.78 s
darts =  189,000,000 / 1,000,000,000   pi = 3.14160182   error = 9.167e-06   elapsed = 54.06 s
darts =  190,000,000 / 1,000,000,000   pi = 3.14160318   error = 1.053e-05   elapsed = 54.35 s
  --> periodic checkpoint saved at dart 190,000,000
darts =  191,000,000 / 1,000,000,000   pi = 3.14160997   error = 1.731e-05   elapsed = 54.64 s
darts =  192,000,000 / 1,000,000,000   pi = 3.14162013   error = 2.747e-05   elapsed = 54.92 s
darts =  193,000,000 / 1,000,000,000   pi = 3.14163540   error = 4.275e-05   elapsed = 55.21 s
darts =  194,000,000 / 1,000,000,000   pi = 3.14163786   error = 4.520e-05   elapsed = 55.49 s
darts =  195,000,000 / 1,000,000,000   pi = 3.14164673   error = 5.407e-05   elapsed = 55.77 s
  --> periodic checkpoint saved at dart 195,000,000
darts =  196,000,000 / 1,000,000,000   pi = 3.14164941   error = 5.675e-05   elapsed = 56.07 s
darts =  197,000,000 / 1,000,000,000   pi = 3.14166879   error = 7.614e-05   elapsed = 56.35 s
darts =  198,000,000 / 1,000,000,000   pi = 3.14166234   error = 6.969e-05   elapsed = 56.63 s
darts =  199,000,000 / 1,000,000,000   pi = 3.14166921   error = 7.655e-05   elapsed = 56.92 s
darts =  200,000,000 / 1,000,000,000   pi = 3.14167946   error = 8.681e-05   elapsed = 57.20 s
  --> periodic checkpoint saved at dart 200,000,000
darts =  201,000,000 / 1,000,000,000   pi = 3.14167345   error = 8.080e-05   elapsed = 57.50 s
darts =  202,000,000 / 1,000,000,000   pi = 3.14167261   error = 7.996e-05   elapsed = 57.78 s
darts =  203,000,000 / 1,000,000,000   pi = 3.14167196   error = 7.931e-05   elapsed = 58.06 s
darts =  204,000,000 / 1,000,000,000   pi = 3.14168359   error = 9.093e-05   elapsed = 58.35 s
darts =  205,000,000 / 1,000,000,000   pi = 3.14167984   error = 8.719e-05   elapsed = 58.63 s
  --> periodic checkpoint saved at dart 205,000,000
darts =  206,000,000 / 1,000,000,000   pi = 3.14167623   error = 8.358e-05   elapsed = 58.93 s
darts =  207,000,000 / 1,000,000,000   pi = 3.14167583   error = 8.317e-05   elapsed = 59.21 s
darts =  208,000,000 / 1,000,000,000   pi = 3.14168002   error = 8.737e-05   elapsed = 59.50 s
darts =  209,000,000 / 1,000,000,000   pi = 3.14168752   error = 9.487e-05   elapsed = 59.78 s
darts =  210,000,000 / 1,000,000,000   pi = 3.14168130   error = 8.864e-05   elapsed = 60.06 s
  --> periodic checkpoint saved at dart 210,000,000
darts =  211,000,000 / 1,000,000,000   pi = 3.14169678   error = 1.041e-04   elapsed = 60.36 s
darts =  212,000,000 / 1,000,000,000   pi = 3.14169932   error = 1.067e-04   elapsed = 60.64 s
darts =  213,000,000 / 1,000,000,000   pi = 3.14168588   error = 9.322e-05   elapsed = 60.93 s
darts =  214,000,000 / 1,000,000,000   pi = 3.14168665   error = 9.400e-05   elapsed = 61.21 s
darts =  215,000,000 / 1,000,000,000   pi = 3.14168231   error = 8.965e-05   elapsed = 61.49 s
  --> periodic checkpoint saved at dart 215,000,000
darts =  216,000,000 / 1,000,000,000   pi = 3.14168330   error = 9.064e-05   elapsed = 61.79 s
darts =  217,000,000 / 1,000,000,000   pi = 3.14166876   error = 7.610e-05   elapsed = 62.07 s
darts =  218,000,000 / 1,000,000,000   pi = 3.14166444   error = 7.179e-05   elapsed = 62.36 s
darts =  219,000,000 / 1,000,000,000   pi = 3.14166188   error = 6.923e-05   elapsed = 62.64 s
darts =  220,000,000 / 1,000,000,000   pi = 3.14166565   error = 7.300e-05   elapsed = 62.93 s
  --> periodic checkpoint saved at dart 220,000,000
darts =  221,000,000 / 1,000,000,000   pi = 3.14167611   error = 8.346e-05   elapsed = 63.22 s
darts =  222,000,000 / 1,000,000,000   pi = 3.14167910   error = 8.645e-05   elapsed = 63.51 s
darts =  223,000,000 / 1,000,000,000   pi = 3.14166560   error = 7.294e-05   elapsed = 63.79 s
darts =  224,000,000 / 1,000,000,000   pi = 3.14167252   error = 7.986e-05   elapsed = 64.07 s
darts =  225,000,000 / 1,000,000,000   pi = 3.14166933   error = 7.668e-05   elapsed = 64.36 s
  --> periodic checkpoint saved at dart 225,000,000
darts =  226,000,000 / 1,000,000,000   pi = 3.14168657   error = 9.391e-05   elapsed = 64.65 s
darts =  227,000,000 / 1,000,000,000   pi = 3.14167625   error = 8.359e-05   elapsed = 64.94 s
darts =  228,000,000 / 1,000,000,000   pi = 3.14167621   error = 8.356e-05   elapsed = 65.22 s
darts =  229,000,000 / 1,000,000,000   pi = 3.14166583   error = 7.318e-05   elapsed = 65.51 s
darts =  230,000,000 / 1,000,000,000   pi = 3.14166520   error = 7.255e-05   elapsed = 65.79 s
  --> periodic checkpoint saved at dart 230,000,000
darts =  231,000,000 / 1,000,000,000   pi = 3.14167030   error = 7.765e-05   elapsed = 66.09 s
darts =  232,000,000 / 1,000,000,000   pi = 3.14166131   error = 6.866e-05   elapsed = 66.37 s
darts =  233,000,000 / 1,000,000,000   pi = 3.14166491   error = 7.226e-05   elapsed = 66.65 s
darts =  234,000,000 / 1,000,000,000   pi = 3.14166909   error = 7.644e-05   elapsed = 66.94 s
darts =  235,000,000 / 1,000,000,000   pi = 3.14165700   error = 6.435e-05   elapsed = 67.22 s
  --> periodic checkpoint saved at dart 235,000,000
darts =  236,000,000 / 1,000,000,000   pi = 3.14165149   error = 5.884e-05   elapsed = 67.52 s
darts =  237,000,000 / 1,000,000,000   pi = 3.14164749   error = 5.484e-05   elapsed = 67.80 s
darts =  238,000,000 / 1,000,000,000   pi = 3.14165524   error = 6.259e-05   elapsed = 68.09 s
darts =  239,000,000 / 1,000,000,000   pi = 3.14164946   error = 5.680e-05   elapsed = 68.37 s
darts =  240,000,000 / 1,000,000,000   pi = 3.14165387   error = 6.121e-05   elapsed = 68.65 s
  --> periodic checkpoint saved at dart 240,000,000
darts =  241,000,000 / 1,000,000,000   pi = 3.14165205   error = 5.940e-05   elapsed = 68.96 s
darts =  242,000,000 / 1,000,000,000   pi = 3.14165453   error = 6.188e-05   elapsed = 69.24 s
darts =  243,000,000 / 1,000,000,000   pi = 3.14166069   error = 6.804e-05   elapsed = 69.52 s
darts =  244,000,000 / 1,000,000,000   pi = 3.14165613   error = 6.348e-05   elapsed = 69.81 s
darts =  245,000,000 / 1,000,000,000   pi = 3.14165876   error = 6.611e-05   elapsed = 70.09 s
  --> periodic checkpoint saved at dart 245,000,000
darts =  246,000,000 / 1,000,000,000   pi = 3.14166148   error = 6.883e-05   elapsed = 70.39 s
darts =  247,000,000 / 1,000,000,000   pi = 3.14165720   error = 6.454e-05   elapsed = 70.67 s
darts =  248,000,000 / 1,000,000,000   pi = 3.14166166   error = 6.901e-05   elapsed = 70.96 s
darts =  249,000,000 / 1,000,000,000   pi = 3.14165083   error = 5.817e-05   elapsed = 71.24 s
darts =  250,000,000 / 1,000,000,000   pi = 3.14165136   error = 5.871e-05   elapsed = 71.52 s
  --> periodic checkpoint saved at dart 250,000,000
darts =  251,000,000 / 1,000,000,000   pi = 3.14164424   error = 5.159e-05   elapsed = 71.83 s
darts =  252,000,000 / 1,000,000,000   pi = 3.14165275   error = 6.009e-05   elapsed = 72.11 s
darts =  253,000,000 / 1,000,000,000   pi = 3.14165153   error = 5.887e-05   elapsed = 72.39 s
darts =  254,000,000 / 1,000,000,000   pi = 3.14165197   error = 5.931e-05   elapsed = 72.68 s
darts =  255,000,000 / 1,000,000,000   pi = 3.14165906   error = 6.641e-05   elapsed = 72.96 s
  --> periodic checkpoint saved at dart 255,000,000
darts =  256,000,000 / 1,000,000,000   pi = 3.14165297   error = 6.032e-05   elapsed = 73.26 s
darts =  257,000,000 / 1,000,000,000   pi = 3.14165732   error = 6.467e-05   elapsed = 73.54 s
darts =  258,000,000 / 1,000,000,000   pi = 3.14166155   error = 6.890e-05   elapsed = 73.82 s
darts =  259,000,000 / 1,000,000,000   pi = 3.14166797   error = 7.532e-05   elapsed = 74.10 s
darts =  260,000,000 / 1,000,000,000   pi = 3.14167771   error = 8.505e-05   elapsed = 74.39 s
  --> periodic checkpoint saved at dart 260,000,000
darts =  261,000,000 / 1,000,000,000   pi = 3.14167802   error = 8.537e-05   elapsed = 74.69 s
darts =  262,000,000 / 1,000,000,000   pi = 3.14168974   error = 9.709e-05   elapsed = 74.97 s
darts =  263,000,000 / 1,000,000,000   pi = 3.14170554   error = 1.129e-04   elapsed = 75.25 s
darts =  264,000,000 / 1,000,000,000   pi = 3.14169877   error = 1.061e-04   elapsed = 75.54 s
darts =  265,000,000 / 1,000,000,000   pi = 3.14170880   error = 1.161e-04   elapsed = 75.82 s
  --> periodic checkpoint saved at dart 265,000,000
darts =  266,000,000 / 1,000,000,000   pi = 3.14170405   error = 1.114e-04   elapsed = 76.12 s
darts =  267,000,000 / 1,000,000,000   pi = 3.14169098   error = 9.833e-05   elapsed = 76.40 s
darts =  268,000,000 / 1,000,000,000   pi = 3.14169799   error = 1.053e-04   elapsed = 76.68 s
darts =  269,000,000 / 1,000,000,000   pi = 3.14169982   error = 1.072e-04   elapsed = 76.97 s
darts =  270,000,000 / 1,000,000,000   pi = 3.14170295   error = 1.103e-04   elapsed = 77.25 s
  --> periodic checkpoint saved at dart 270,000,000
darts =  271,000,000 / 1,000,000,000   pi = 3.14170576   error = 1.131e-04   elapsed = 77.55 s
darts =  272,000,000 / 1,000,000,000   pi = 3.14170171   error = 1.091e-04   elapsed = 77.83 s
darts =  273,000,000 / 1,000,000,000   pi = 3.14170935   error = 1.167e-04   elapsed = 78.11 s
darts =  274,000,000 / 1,000,000,000   pi = 3.14170638   error = 1.137e-04   elapsed = 78.40 s
darts =  275,000,000 / 1,000,000,000   pi = 3.14170444   error = 1.118e-04   elapsed = 78.68 s
  --> periodic checkpoint saved at dart 275,000,000
darts =  276,000,000 / 1,000,000,000   pi = 3.14170361   error = 1.110e-04   elapsed = 78.98 s
darts =  277,000,000 / 1,000,000,000   pi = 3.14170747   error = 1.148e-04   elapsed = 79.26 s
darts =  278,000,000 / 1,000,000,000   pi = 3.14170612   error = 1.135e-04   elapsed = 79.54 s
darts =  279,000,000 / 1,000,000,000   pi = 3.14170199   error = 1.093e-04   elapsed = 79.82 s
darts =  280,000,000 / 1,000,000,000   pi = 3.14169797   error = 1.053e-04   elapsed = 80.11 s
  --> periodic checkpoint saved at dart 280,000,000
darts =  281,000,000 / 1,000,000,000   pi = 3.14170288   error = 1.102e-04   elapsed = 80.40 s
darts =  282,000,000 / 1,000,000,000   pi = 3.14170488   error = 1.122e-04   elapsed = 80.69 s
darts =  283,000,000 / 1,000,000,000   pi = 3.14169004   error = 9.738e-05   elapsed = 80.97 s
darts =  284,000,000 / 1,000,000,000   pi = 3.14169732   error = 1.047e-04   elapsed = 81.25 s
darts =  285,000,000 / 1,000,000,000   pi = 3.14170888   error = 1.162e-04   elapsed = 81.54 s
  --> periodic checkpoint saved at dart 285,000,000
darts =  286,000,000 / 1,000,000,000   pi = 3.14171067   error = 1.180e-04   elapsed = 81.83 s
darts =  287,000,000 / 1,000,000,000   pi = 3.14171089   error = 1.182e-04   elapsed = 82.12 s
darts =  288,000,000 / 1,000,000,000   pi = 3.14170825   error = 1.156e-04   elapsed = 82.40 s
darts =  289,000,000 / 1,000,000,000   pi = 3.14170804   error = 1.154e-04   elapsed = 82.68 s
darts =  290,000,000 / 1,000,000,000   pi = 3.14170527   error = 1.126e-04   elapsed = 82.97 s
  --> periodic checkpoint saved at dart 290,000,000
darts =  291,000,000 / 1,000,000,000   pi = 3.14170509   error = 1.124e-04   elapsed = 83.26 s
darts =  292,000,000 / 1,000,000,000   pi = 3.14170518   error = 1.125e-04   elapsed = 83.55 s
darts =  293,000,000 / 1,000,000,000   pi = 3.14170774   error = 1.151e-04   elapsed = 83.83 s
darts =  294,000,000 / 1,000,000,000   pi = 3.14170099   error = 1.083e-04   elapsed = 84.11 s
darts =  295,000,000 / 1,000,000,000   pi = 3.14169873   error = 1.061e-04   elapsed = 84.39 s
  --> periodic checkpoint saved at dart 295,000,000
darts =  296,000,000 / 1,000,000,000   pi = 3.14169981   error = 1.072e-04   elapsed = 84.69 s
darts =  297,000,000 / 1,000,000,000   pi = 3.14170039   error = 1.077e-04   elapsed = 84.97 s
darts =  298,000,000 / 1,000,000,000   pi = 3.14169722   error = 1.046e-04   elapsed = 85.26 s
darts =  299,000,000 / 1,000,000,000   pi = 3.14170150   error = 1.088e-04   elapsed = 85.54 s
darts =  300,000,000 / 1,000,000,000   pi = 3.14168816   error = 9.551e-05   elapsed = 85.82 s
  --> periodic checkpoint saved at dart 300,000,000
darts =  301,000,000 / 1,000,000,000   pi = 3.14168494   error = 9.229e-05   elapsed = 86.13 s
darts =  302,000,000 / 1,000,000,000   pi = 3.14167366   error = 8.100e-05   elapsed = 86.41 s
darts =  303,000,000 / 1,000,000,000   pi = 3.14166771   error = 7.506e-05   elapsed = 86.69 s
darts =  304,000,000 / 1,000,000,000   pi = 3.14166693   error = 7.428e-05   elapsed = 86.97 s
darts =  305,000,000 / 1,000,000,000   pi = 3.14167201   error = 7.936e-05   elapsed = 87.26 s
  --> periodic checkpoint saved at dart 305,000,000
darts =  306,000,000 / 1,000,000,000   pi = 3.14166906   error = 7.641e-05   elapsed = 87.55 s
darts =  307,000,000 / 1,000,000,000   pi = 3.14167290   error = 8.025e-05   elapsed = 87.84 s
darts =  308,000,000 / 1,000,000,000   pi = 3.14167314   error = 8.049e-05   elapsed = 88.12 s
darts =  309,000,000 / 1,000,000,000   pi = 3.14167710   error = 8.445e-05   elapsed = 88.40 s
darts =  310,000,000 / 1,000,000,000   pi = 3.14167328   error = 8.062e-05   elapsed = 88.69 s
  --> periodic checkpoint saved at dart 310,000,000
darts =  311,000,000 / 1,000,000,000   pi = 3.14167167   error = 7.901e-05   elapsed = 88.98 s
darts =  312,000,000 / 1,000,000,000   pi = 3.14166946   error = 7.681e-05   elapsed = 89.27 s
darts =  313,000,000 / 1,000,000,000   pi = 3.14167282   error = 8.016e-05   elapsed = 89.55 s
darts =  314,000,000 / 1,000,000,000   pi = 3.14167231   error = 7.965e-05   elapsed = 89.83 s
darts =  315,000,000 / 1,000,000,000   pi = 3.14167592   error = 8.327e-05   elapsed = 90.12 s
  --> periodic checkpoint saved at dart 315,000,000
darts =  316,000,000 / 1,000,000,000   pi = 3.14167544   error = 8.279e-05   elapsed = 90.41 s
darts =  317,000,000 / 1,000,000,000   pi = 3.14168300   error = 9.035e-05   elapsed = 90.70 s
darts =  318,000,000 / 1,000,000,000   pi = 3.14168458   error = 9.193e-05   elapsed = 90.98 s
darts =  319,000,000 / 1,000,000,000   pi = 3.14167921   error = 8.656e-05   elapsed = 91.26 s
darts =  320,000,000 / 1,000,000,000   pi = 3.14168764   error = 9.498e-05   elapsed = 91.54 s
  --> periodic checkpoint saved at dart 320,000,000
darts =  321,000,000 / 1,000,000,000   pi = 3.14168864   error = 9.598e-05   elapsed = 91.84 s
darts =  322,000,000 / 1,000,000,000   pi = 3.14168906   error = 9.640e-05   elapsed = 92.13 s
darts =  323,000,000 / 1,000,000,000   pi = 3.14169513   error = 1.025e-04   elapsed = 92.41 s
darts =  324,000,000 / 1,000,000,000   pi = 3.14168879   error = 9.614e-05   elapsed = 92.69 s
darts =  325,000,000 / 1,000,000,000   pi = 3.14168625   error = 9.360e-05   elapsed = 92.97 s
  --> periodic checkpoint saved at dart 325,000,000
darts =  326,000,000 / 1,000,000,000   pi = 3.14168050   error = 8.785e-05   elapsed = 93.27 s
darts =  327,000,000 / 1,000,000,000   pi = 3.14167557   error = 8.292e-05   elapsed = 93.55 s
darts =  328,000,000 / 1,000,000,000   pi = 3.14167695   error = 8.430e-05   elapsed = 93.84 s
darts =  329,000,000 / 1,000,000,000   pi = 3.14167878   error = 8.613e-05   elapsed = 94.12 s
darts =  330,000,000 / 1,000,000,000   pi = 3.14168073   error = 8.807e-05   elapsed = 94.40 s
  --> periodic checkpoint saved at dart 330,000,000
darts =  331,000,000 / 1,000,000,000   pi = 3.14167885   error = 8.620e-05   elapsed = 94.70 s
darts =  332,000,000 / 1,000,000,000   pi = 3.14167955   error = 8.690e-05   elapsed = 94.98 s
darts =  333,000,000 / 1,000,000,000   pi = 3.14168342   error = 9.077e-05   elapsed = 95.27 s
darts =  334,000,000 / 1,000,000,000   pi = 3.14168293   error = 9.028e-05   elapsed = 95.55 s
darts =  335,000,000 / 1,000,000,000   pi = 3.14167969   error = 8.704e-05   elapsed = 95.83 s
  --> periodic checkpoint saved at dart 335,000,000
darts =  336,000,000 / 1,000,000,000   pi = 3.14167057   error = 7.792e-05   elapsed = 96.13 s
darts =  337,000,000 / 1,000,000,000   pi = 3.14166749   error = 7.484e-05   elapsed = 96.41 s
darts =  338,000,000 / 1,000,000,000   pi = 3.14166133   error = 6.867e-05   elapsed = 96.69 s
darts =  339,000,000 / 1,000,000,000   pi = 3.14165848   error = 6.582e-05   elapsed = 96.98 s
darts =  340,000,000 / 1,000,000,000   pi = 3.14165941   error = 6.676e-05   elapsed = 97.26 s
  --> periodic checkpoint saved at dart 340,000,000
darts =  341,000,000 / 1,000,000,000   pi = 3.14165914   error = 6.649e-05   elapsed = 97.56 s
darts =  342,000,000 / 1,000,000,000   pi = 3.14166802   error = 7.537e-05   elapsed = 97.84 s
darts =  343,000,000 / 1,000,000,000   pi = 3.14166578   error = 7.313e-05   elapsed = 98.12 s
darts =  344,000,000 / 1,000,000,000   pi = 3.14166342   error = 7.077e-05   elapsed = 98.41 s
darts =  345,000,000 / 1,000,000,000   pi = 3.14166503   error = 7.238e-05   elapsed = 98.69 s
  --> periodic checkpoint saved at dart 345,000,000
darts =  346,000,000 / 1,000,000,000   pi = 3.14166680   error = 7.414e-05   elapsed = 98.99 s
darts =  347,000,000 / 1,000,000,000   pi = 3.14166110   error = 6.844e-05   elapsed = 99.27 s
darts =  348,000,000 / 1,000,000,000   pi = 3.14165090   error = 5.824e-05   elapsed = 99.55 s
darts =  349,000,000 / 1,000,000,000   pi = 3.14165202   error = 5.937e-05   elapsed = 99.83 s
darts =  350,000,000 / 1,000,000,000   pi = 3.14165547   error = 6.282e-05   elapsed = 100.12 s
  --> periodic checkpoint saved at dart 350,000,000
darts =  351,000,000 / 1,000,000,000   pi = 3.14166011   error = 6.746e-05   elapsed = 100.41 s
darts =  352,000,000 / 1,000,000,000   pi = 3.14164165   error = 4.899e-05   elapsed = 100.70 s
darts =  353,000,000 / 1,000,000,000   pi = 3.14163269   error = 4.004e-05   elapsed = 100.98 s
darts =  354,000,000 / 1,000,000,000   pi = 3.14163799   error = 4.534e-05   elapsed = 101.26 s
darts =  355,000,000 / 1,000,000,000   pi = 3.14163688   error = 4.423e-05   elapsed = 101.55 s
  --> periodic checkpoint saved at dart 355,000,000
darts =  356,000,000 / 1,000,000,000   pi = 3.14163699   error = 4.434e-05   elapsed = 101.85 s
darts =  357,000,000 / 1,000,000,000   pi = 3.14163342   error = 4.077e-05   elapsed = 102.13 s
darts =  358,000,000 / 1,000,000,000   pi = 3.14163956   error = 4.691e-05   elapsed = 102.42 s
darts =  359,000,000 / 1,000,000,000   pi = 3.14164154   error = 4.888e-05   elapsed = 102.70 s
darts =  360,000,000 / 1,000,000,000   pi = 3.14164701   error = 5.436e-05   elapsed = 102.98 s
  --> periodic checkpoint saved at dart 360,000,000
darts =  361,000,000 / 1,000,000,000   pi = 3.14164814   error = 5.549e-05   elapsed = 103.28 s
darts =  362,000,000 / 1,000,000,000   pi = 3.14164480   error = 5.214e-05   elapsed = 103.56 s
darts =  363,000,000 / 1,000,000,000   pi = 3.14164842   error = 5.577e-05   elapsed = 103.85 s
darts =  364,000,000 / 1,000,000,000   pi = 3.14163884   error = 4.618e-05   elapsed = 104.13 s
darts =  365,000,000 / 1,000,000,000   pi = 3.14162911   error = 3.645e-05   elapsed = 104.41 s
  --> periodic checkpoint saved at dart 365,000,000
darts =  366,000,000 / 1,000,000,000   pi = 3.14163008   error = 3.742e-05   elapsed = 104.71 s
darts =  367,000,000 / 1,000,000,000   pi = 3.14162484   error = 3.219e-05   elapsed = 104.99 s
darts =  368,000,000 / 1,000,000,000   pi = 3.14162101   error = 2.836e-05   elapsed = 105.27 s

============================================================
darts =  369,000,000 / 1,000,000,000   pi = 3.14161744   error = 2.479e-05   elapsed = 105.56 s
SIGUSR1 received: Wed Sep 23 18:43:07 EDT 2026
Preparing to requeue job 15378
============================================================
Latest checkpoint:
-rw-r--r--. 1 pkrastev rc_admin 3.9K Sep 23 18:43 checkpoints/pi_requeue.pkl
Requesting requeue...
darts =  370,000,000 / 1,000,000,000   pi = 3.14162286   error = 3.021e-05   elapsed = 105.85 s
  --> periodic checkpoint saved at dart 370,000,000
============================================================
Starting Python automatic-requeue example
============================================================
Job ID        : 15378
Restart count : 1
Node          : holy7c26504.rc.fas.harvard.edu
Time          : Wed Sep 23 18:45:30 EDT 2026
============================================================
========================================================================
Monte Carlo Pi - Automatic Slurm Checkpoint/Restart
========================================================================
Slurm job ID        : 15378
Slurm restart count : 1
Hostname            : holy7c26504
------------------------------------------------------------------------
Number of darts     : 1,000,000,000
Random seed         : 42
Checkpoint interval : 5,000,000
Checkpoint file     : checkpoints/pi_requeue.pkl
========================================================================

========================================================================
CHECKPOINT FOUND - AUTOMATIC RESTART
========================================================================
Completed darts  : 370,686,091
Inside circle    : 291,139,215
Previous runtime : 106.07 s
========================================================================

darts =  371,000,000 / 1,000,000,000   pi = 3.14162538   error = 3.273e-05   elapsed = 106.16 s
darts =  372,000,000 / 1,000,000,000   pi = 3.14162298   error = 3.032e-05   elapsed = 106.44 s
darts =  373,000,000 / 1,000,000,000   pi = 3.14162321   error = 3.055e-05   elapsed = 106.72 s
darts =  374,000,000 / 1,000,000,000   pi = 3.14162951   error = 3.685e-05   elapsed = 107.01 s
darts =  375,000,000 / 1,000,000,000   pi = 3.14162069   error = 2.804e-05   elapsed = 107.29 s
  --> periodic checkpoint saved at dart 375,000,000
darts =  376,000,000 / 1,000,000,000   pi = 3.14162091   error = 2.826e-05   elapsed = 107.58 s
darts =  377,000,000 / 1,000,000,000   pi = 3.14161703   error = 2.438e-05   elapsed = 107.87 s
darts =  378,000,000 / 1,000,000,000   pi = 3.14161986   error = 2.721e-05   elapsed = 108.15 s
darts =  379,000,000 / 1,000,000,000   pi = 3.14161593   error = 2.327e-05   elapsed = 108.43 s
darts =  380,000,000 / 1,000,000,000   pi = 3.14161726   error = 2.461e-05   elapsed = 108.71 s
  --> periodic checkpoint saved at dart 380,000,000
darts =  381,000,000 / 1,000,000,000   pi = 3.14161289   error = 2.024e-05   elapsed = 109.01 s
darts =  382,000,000 / 1,000,000,000   pi = 3.14161015   error = 1.749e-05   elapsed = 109.29 s
darts =  383,000,000 / 1,000,000,000   pi = 3.14161128   error = 1.863e-05   elapsed = 109.58 s
darts =  384,000,000 / 1,000,000,000   pi = 3.14160461   error = 1.196e-05   elapsed = 109.86 s
darts =  385,000,000 / 1,000,000,000   pi = 3.14159615   error = 3.492e-06   elapsed = 110.14 s
  --> periodic checkpoint saved at dart 385,000,000
darts =  386,000,000 / 1,000,000,000   pi = 3.14159482   error = 2.165e-06   elapsed = 110.44 s
darts =  387,000,000 / 1,000,000,000   pi = 3.14159422   error = 1.569e-06   elapsed = 110.72 s
darts =  388,000,000 / 1,000,000,000   pi = 3.14159378   error = 1.130e-06   elapsed = 111.00 s
darts =  389,000,000 / 1,000,000,000   pi = 3.14159516   error = 2.503e-06   elapsed = 111.29 s
darts =  390,000,000 / 1,000,000,000   pi = 3.14159551   error = 2.854e-06   elapsed = 111.57 s
  --> periodic checkpoint saved at dart 390,000,000
darts =  391,000,000 / 1,000,000,000   pi = 3.14159826   error = 5.607e-06   elapsed = 111.86 s
darts =  392,000,000 / 1,000,000,000   pi = 3.14160039   error = 7.734e-06   elapsed = 112.15 s
darts =  393,000,000 / 1,000,000,000   pi = 3.14160162   error = 8.965e-06   elapsed = 112.43 s
darts =  394,000,000 / 1,000,000,000   pi = 3.14160371   error = 1.105e-05   elapsed = 112.71 s
darts =  395,000,000 / 1,000,000,000   pi = 3.14159993   error = 7.276e-06   elapsed = 112.99 s
  --> periodic checkpoint saved at dart 395,000,000
darts =  396,000,000 / 1,000,000,000   pi = 3.14159831   error = 5.660e-06   elapsed = 113.29 s
darts =  397,000,000 / 1,000,000,000   pi = 3.14160024   error = 7.588e-06   elapsed = 113.57 s
darts =  398,000,000 / 1,000,000,000   pi = 3.14160073   error = 8.080e-06   elapsed = 113.86 s
darts =  399,000,000 / 1,000,000,000   pi = 3.14160092   error = 8.269e-06   elapsed = 114.14 s
darts =  400,000,000 / 1,000,000,000   pi = 3.14159990   error = 7.246e-06   elapsed = 114.42 s
  --> periodic checkpoint saved at dart 400,000,000
darts =  401,000,000 / 1,000,000,000   pi = 3.14160118   error = 8.523e-06   elapsed = 114.72 s
darts =  402,000,000 / 1,000,000,000   pi = 3.14159957   error = 6.919e-06   elapsed = 115.00 s
darts =  403,000,000 / 1,000,000,000   pi = 3.14159107   error = 1.587e-06   elapsed = 115.28 s
darts =  404,000,000 / 1,000,000,000   pi = 3.14159413   error = 1.475e-06   elapsed = 115.56 s
darts =  405,000,000 / 1,000,000,000   pi = 3.14159211   error = 5.449e-07   elapsed = 115.85 s
  --> periodic checkpoint saved at dart 405,000,000
darts =  406,000,000 / 1,000,000,000   pi = 3.14158854   error = 4.112e-06   elapsed = 116.15 s
darts =  407,000,000 / 1,000,000,000   pi = 3.14159012   error = 2.531e-06   elapsed = 116.43 s
darts =  408,000,000 / 1,000,000,000   pi = 3.14159094   error = 1.712e-06   elapsed = 116.71 s
darts =  409,000,000 / 1,000,000,000   pi = 3.14158913   error = 3.519e-06   elapsed = 117.00 s
darts =  410,000,000 / 1,000,000,000   pi = 3.14158994   error = 2.712e-06   elapsed = 117.28 s
  --> periodic checkpoint saved at dart 410,000,000
darts =  411,000,000 / 1,000,000,000   pi = 3.14159489   error = 2.237e-06   elapsed = 117.58 s
darts =  412,000,000 / 1,000,000,000   pi = 3.14159856   error = 5.910e-06   elapsed = 117.86 s
darts =  413,000,000 / 1,000,000,000   pi = 3.14160597   error = 1.331e-05   elapsed = 118.14 s
darts =  414,000,000 / 1,000,000,000   pi = 3.14160593   error = 1.328e-05   elapsed = 118.42 s
darts =  415,000,000 / 1,000,000,000   pi = 3.14160343   error = 1.078e-05   elapsed = 118.70 s
  --> periodic checkpoint saved at dart 415,000,000
darts =  416,000,000 / 1,000,000,000   pi = 3.14160097   error = 8.318e-06   elapsed = 119.00 s
darts =  417,000,000 / 1,000,000,000   pi = 3.14160603   error = 1.338e-05   elapsed = 119.28 s
darts =  418,000,000 / 1,000,000,000   pi = 3.14160684   error = 1.419e-05   elapsed = 119.57 s
darts =  419,000,000 / 1,000,000,000   pi = 3.14161118   error = 1.853e-05   elapsed = 119.85 s
darts =  420,000,000 / 1,000,000,000   pi = 3.14161425   error = 2.159e-05   elapsed = 120.13 s
  --> periodic checkpoint saved at dart 420,000,000
darts =  421,000,000 / 1,000,000,000   pi = 3.14161079   error = 1.814e-05   elapsed = 120.43 s
darts =  422,000,000 / 1,000,000,000   pi = 3.14160559   error = 1.294e-05   elapsed = 120.71 s
darts =  423,000,000 / 1,000,000,000   pi = 3.14160530   error = 1.264e-05   elapsed = 120.99 s
darts =  424,000,000 / 1,000,000,000   pi = 3.14160486   error = 1.220e-05   elapsed = 121.27 s
darts =  425,000,000 / 1,000,000,000   pi = 3.14160646   error = 1.380e-05   elapsed = 121.56 s
  --> periodic checkpoint saved at dart 425,000,000
darts =  426,000,000 / 1,000,000,000   pi = 3.14160790   error = 1.524e-05   elapsed = 121.85 s
darts =  427,000,000 / 1,000,000,000   pi = 3.14160332   error = 1.066e-05   elapsed = 122.13 s
darts =  428,000,000 / 1,000,000,000   pi = 3.14160102   error = 8.365e-06   elapsed = 122.42 s
darts =  429,000,000 / 1,000,000,000   pi = 3.14160128   error = 8.624e-06   elapsed = 122.70 s
darts =  430,000,000 / 1,000,000,000   pi = 3.14160032   error = 7.663e-06   elapsed = 122.98 s
  --> periodic checkpoint saved at dart 430,000,000
darts =  431,000,000 / 1,000,000,000   pi = 3.14160381   error = 1.116e-05   elapsed = 123.28 s
darts =  432,000,000 / 1,000,000,000   pi = 3.14160478   error = 1.212e-05   elapsed = 123.56 s
darts =  433,000,000 / 1,000,000,000   pi = 3.14160456   error = 1.191e-05   elapsed = 123.84 s
darts =  434,000,000 / 1,000,000,000   pi = 3.14160512   error = 1.247e-05   elapsed = 124.12 s
darts =  435,000,000 / 1,000,000,000   pi = 3.14160641   error = 1.376e-05   elapsed = 124.41 s
  --> periodic checkpoint saved at dart 435,000,000
darts =  436,000,000 / 1,000,000,000   pi = 3.14160517   error = 1.252e-05   elapsed = 124.70 s
darts =  437,000,000 / 1,000,000,000   pi = 3.14159629   error = 3.639e-06   elapsed = 124.98 s
darts =  438,000,000 / 1,000,000,000   pi = 3.14159885   error = 6.196e-06   elapsed = 125.27 s
darts =  439,000,000 / 1,000,000,000   pi = 3.14160343   error = 1.077e-05   elapsed = 125.55 s
darts =  440,000,000 / 1,000,000,000   pi = 3.14159857   error = 5.919e-06   elapsed = 125.83 s
  --> periodic checkpoint saved at dart 440,000,000
darts =  441,000,000 / 1,000,000,000   pi = 3.14159911   error = 6.458e-06   elapsed = 126.13 s
darts =  442,000,000 / 1,000,000,000   pi = 3.14160187   error = 9.220e-06   elapsed = 126.41 s
darts =  443,000,000 / 1,000,000,000   pi = 3.14159780   error = 5.143e-06   elapsed = 126.69 s
darts =  444,000,000 / 1,000,000,000   pi = 3.14159210   error = 5.545e-07   elapsed = 126.98 s
darts =  445,000,000 / 1,000,000,000   pi = 3.14158656   error = 6.092e-06   elapsed = 127.26 s
  --> periodic checkpoint saved at dart 445,000,000
darts =  446,000,000 / 1,000,000,000   pi = 3.14158935   error = 3.308e-06   elapsed = 127.55 s
darts =  447,000,000 / 1,000,000,000   pi = 3.14159149   error = 1.164e-06   elapsed = 127.84 s
darts =  448,000,000 / 1,000,000,000   pi = 3.14158859   error = 4.064e-06   elapsed = 128.12 s
darts =  449,000,000 / 1,000,000,000   pi = 3.14159010   error = 2.551e-06   elapsed = 128.40 s
darts =  450,000,000 / 1,000,000,000   pi = 3.14158684   error = 5.818e-06   elapsed = 128.68 s
  --> periodic checkpoint saved at dart 450,000,000
darts =  451,000,000 / 1,000,000,000   pi = 3.14158717   error = 5.487e-06   elapsed = 128.98 s
darts =  452,000,000 / 1,000,000,000   pi = 3.14158946   error = 3.193e-06   elapsed = 129.26 s
darts =  453,000,000 / 1,000,000,000   pi = 3.14158750   error = 5.157e-06   elapsed = 129.54 s
darts =  454,000,000 / 1,000,000,000   pi = 3.14158915   error = 3.508e-06   elapsed = 129.83 s
darts =  455,000,000 / 1,000,000,000   pi = 3.14158586   error = 6.790e-06   elapsed = 130.11 s
  --> periodic checkpoint saved at dart 455,000,000
darts =  456,000,000 / 1,000,000,000   pi = 3.14158755   error = 5.101e-06   elapsed = 130.41 s
darts =  457,000,000 / 1,000,000,000   pi = 3.14158690   error = 5.756e-06   elapsed = 130.69 s
darts =  458,000,000 / 1,000,000,000   pi = 3.14159017   error = 2.479e-06   elapsed = 130.97 s
darts =  459,000,000 / 1,000,000,000   pi = 3.14158563   error = 7.024e-06   elapsed = 131.26 s
darts =  460,000,000 / 1,000,000,000   pi = 3.14157963   error = 1.302e-05   elapsed = 131.54 s
  --> periodic checkpoint saved at dart 460,000,000
darts =  461,000,000 / 1,000,000,000   pi = 3.14157551   error = 1.714e-05   elapsed = 131.83 s
darts =  462,000,000 / 1,000,000,000   pi = 3.14157147   error = 2.118e-05   elapsed = 132.12 s
darts =  463,000,000 / 1,000,000,000   pi = 3.14157407   error = 1.858e-05   elapsed = 132.40 s
darts =  464,000,000 / 1,000,000,000   pi = 3.14157514   error = 1.752e-05   elapsed = 132.68 s
darts =  465,000,000 / 1,000,000,000   pi = 3.14157262   error = 2.003e-05   elapsed = 132.97 s
  --> periodic checkpoint saved at dart 465,000,000
darts =  466,000,000 / 1,000,000,000   pi = 3.14157079   error = 2.186e-05   elapsed = 133.26 s
darts =  467,000,000 / 1,000,000,000   pi = 3.14156564   error = 2.701e-05   elapsed = 133.54 s
darts =  468,000,000 / 1,000,000,000   pi = 3.14156315   error = 2.950e-05   elapsed = 133.83 s
darts =  469,000,000 / 1,000,000,000   pi = 3.14156325   error = 2.940e-05   elapsed = 134.11 s
darts =  470,000,000 / 1,000,000,000   pi = 3.14155996   error = 3.270e-05   elapsed = 134.39 s
  --> periodic checkpoint saved at dart 470,000,000
darts =  471,000,000 / 1,000,000,000   pi = 3.14156361   error = 2.904e-05   elapsed = 134.69 s
darts =  472,000,000 / 1,000,000,000   pi = 3.14155963   error = 3.303e-05   elapsed = 134.97 s
darts =  473,000,000 / 1,000,000,000   pi = 3.14156346   error = 2.919e-05   elapsed = 135.25 s
darts =  474,000,000 / 1,000,000,000   pi = 3.14156515   error = 2.751e-05   elapsed = 135.54 s
darts =  475,000,000 / 1,000,000,000   pi = 3.14156499   error = 2.767e-05   elapsed = 135.82 s
  --> periodic checkpoint saved at dart 475,000,000
darts =  476,000,000 / 1,000,000,000   pi = 3.14156751   error = 2.514e-05   elapsed = 136.12 s
darts =  477,000,000 / 1,000,000,000   pi = 3.14157187   error = 2.079e-05   elapsed = 136.40 s
darts =  478,000,000 / 1,000,000,000   pi = 3.14157137   error = 2.128e-05   elapsed = 136.68 s
darts =  479,000,000 / 1,000,000,000   pi = 3.14157299   error = 1.966e-05   elapsed = 136.96 s
darts =  480,000,000 / 1,000,000,000   pi = 3.14157559   error = 1.706e-05   elapsed = 137.25 s
  --> periodic checkpoint saved at dart 480,000,000
darts =  481,000,000 / 1,000,000,000   pi = 3.14157205   error = 2.060e-05   elapsed = 137.54 s
darts =  482,000,000 / 1,000,000,000   pi = 3.14156951   error = 2.314e-05   elapsed = 137.83 s
darts =  483,000,000 / 1,000,000,000   pi = 3.14156831   error = 2.435e-05   elapsed = 138.11 s
darts =  484,000,000 / 1,000,000,000   pi = 3.14156837   error = 2.428e-05   elapsed = 138.39 s
darts =  485,000,000 / 1,000,000,000   pi = 3.14156977   error = 2.288e-05   elapsed = 138.68 s
  --> periodic checkpoint saved at dart 485,000,000
darts =  486,000,000 / 1,000,000,000   pi = 3.14156895   error = 2.371e-05   elapsed = 138.97 s
darts =  487,000,000 / 1,000,000,000   pi = 3.14156727   error = 2.538e-05   elapsed = 139.25 s
darts =  488,000,000 / 1,000,000,000   pi = 3.14156597   error = 2.669e-05   elapsed = 139.54 s
darts =  489,000,000 / 1,000,000,000   pi = 3.14156611   error = 2.654e-05   elapsed = 139.82 s
darts =  490,000,000 / 1,000,000,000   pi = 3.14156961   error = 2.305e-05   elapsed = 140.10 s
  --> periodic checkpoint saved at dart 490,000,000
darts =  491,000,000 / 1,000,000,000   pi = 3.14157106   error = 2.159e-05   elapsed = 140.40 s
darts =  492,000,000 / 1,000,000,000   pi = 3.14157597   error = 1.669e-05   elapsed = 140.68 s
darts =  493,000,000 / 1,000,000,000   pi = 3.14157539   error = 1.726e-05   elapsed = 140.96 s
darts =  494,000,000 / 1,000,000,000   pi = 3.14157321   error = 1.944e-05   elapsed = 141.25 s
darts =  495,000,000 / 1,000,000,000   pi = 3.14158107   error = 1.159e-05   elapsed = 141.53 s
  --> periodic checkpoint saved at dart 495,000,000
darts =  496,000,000 / 1,000,000,000   pi = 3.14157556   error = 1.710e-05   elapsed = 141.83 s
darts =  497,000,000 / 1,000,000,000   pi = 3.14157438   error = 1.827e-05   elapsed = 142.11 s
darts =  498,000,000 / 1,000,000,000   pi = 3.14157875   error = 1.391e-05   elapsed = 142.39 s
darts =  499,000,000 / 1,000,000,000   pi = 3.14157551   error = 1.714e-05   elapsed = 142.67 s
darts =  500,000,000 / 1,000,000,000   pi = 3.14157266   error = 1.999e-05   elapsed = 142.96 s
  --> periodic checkpoint saved at dart 500,000,000
darts =  501,000,000 / 1,000,000,000   pi = 3.14157230   error = 2.035e-05   elapsed = 143.25 s
darts =  502,000,000 / 1,000,000,000   pi = 3.14157568   error = 1.697e-05   elapsed = 143.53 s
darts =  503,000,000 / 1,000,000,000   pi = 3.14157498   error = 1.767e-05   elapsed = 143.82 s
darts =  504,000,000 / 1,000,000,000   pi = 3.14156890   error = 2.375e-05   elapsed = 144.10 s
darts =  505,000,000 / 1,000,000,000   pi = 3.14157145   error = 2.121e-05   elapsed = 144.38 s
  --> periodic checkpoint saved at dart 505,000,000
darts =  506,000,000 / 1,000,000,000   pi = 3.14157177   error = 2.088e-05   elapsed = 144.68 s
darts =  507,000,000 / 1,000,000,000   pi = 3.14157101   error = 2.165e-05   elapsed = 144.96 s
darts =  508,000,000 / 1,000,000,000   pi = 3.14157294   error = 1.972e-05   elapsed = 145.24 s
darts =  509,000,000 / 1,000,000,000   pi = 3.14157272   error = 1.993e-05   elapsed = 145.52 s
darts =  510,000,000 / 1,000,000,000   pi = 3.14157229   error = 2.036e-05   elapsed = 145.81 s
  --> periodic checkpoint saved at dart 510,000,000
darts =  511,000,000 / 1,000,000,000   pi = 3.14157198   error = 2.067e-05   elapsed = 146.10 s
darts =  512,000,000 / 1,000,000,000   pi = 3.14157287   error = 1.979e-05   elapsed = 146.39 s
darts =  513,000,000 / 1,000,000,000   pi = 3.14157145   error = 2.121e-05   elapsed = 146.67 s
darts =  514,000,000 / 1,000,000,000   pi = 3.14156710   error = 2.556e-05   elapsed = 146.95 s
darts =  515,000,000 / 1,000,000,000   pi = 3.14156444   error = 2.821e-05   elapsed = 147.23 s
  --> periodic checkpoint saved at dart 515,000,000
darts =  516,000,000 / 1,000,000,000   pi = 3.14156315   error = 2.951e-05   elapsed = 147.53 s
darts =  517,000,000 / 1,000,000,000   pi = 3.14156443   error = 2.823e-05   elapsed = 147.81 s
darts =  518,000,000 / 1,000,000,000   pi = 3.14156530   error = 2.736e-05   elapsed = 148.10 s
darts =  519,000,000 / 1,000,000,000   pi = 3.14156728   error = 2.537e-05   elapsed = 148.38 s
darts =  520,000,000 / 1,000,000,000   pi = 3.14156737   error = 2.528e-05   elapsed = 148.66 s
  --> periodic checkpoint saved at dart 520,000,000
darts =  521,000,000 / 1,000,000,000   pi = 3.14156226   error = 3.039e-05   elapsed = 148.96 s
darts =  522,000,000 / 1,000,000,000   pi = 3.14155461   error = 3.805e-05   elapsed = 149.24 s
darts =  523,000,000 / 1,000,000,000   pi = 3.14155439   error = 3.827e-05   elapsed = 149.52 s
darts =  524,000,000 / 1,000,000,000   pi = 3.14155351   error = 3.914e-05   elapsed = 149.81 s
darts =  525,000,000 / 1,000,000,000   pi = 3.14155058   error = 4.208e-05   elapsed = 150.09 s
  --> periodic checkpoint saved at dart 525,000,000
darts =  526,000,000 / 1,000,000,000   pi = 3.14154938   error = 4.328e-05   elapsed = 150.38 s
darts =  527,000,000 / 1,000,000,000   pi = 3.14154752   error = 4.513e-05   elapsed = 150.67 s
darts =  528,000,000 / 1,000,000,000   pi = 3.14155017   error = 4.249e-05   elapsed = 150.95 s
darts =  529,000,000 / 1,000,000,000   pi = 3.14155058   error = 4.208e-05   elapsed = 151.23 s
darts =  530,000,000 / 1,000,000,000   pi = 3.14154846   error = 4.419e-05   elapsed = 151.52 s
  --> periodic checkpoint saved at dart 530,000,000
darts =  531,000,000 / 1,000,000,000   pi = 3.14154826   error = 4.439e-05   elapsed = 151.83 s
darts =  532,000,000 / 1,000,000,000   pi = 3.14155177   error = 4.089e-05   elapsed = 152.11 s
darts =  533,000,000 / 1,000,000,000   pi = 3.14155313   error = 3.953e-05   elapsed = 152.39 s
darts =  534,000,000 / 1,000,000,000   pi = 3.14155644   error = 3.621e-05   elapsed = 152.68 s
darts =  535,000,000 / 1,000,000,000   pi = 3.14155865   error = 3.401e-05   elapsed = 152.96 s
  --> periodic checkpoint saved at dart 535,000,000
darts =  536,000,000 / 1,000,000,000   pi = 3.14155829   error = 3.436e-05   elapsed = 153.26 s
darts =  537,000,000 / 1,000,000,000   pi = 3.14156185   error = 3.081e-05   elapsed = 153.54 s
darts =  538,000,000 / 1,000,000,000   pi = 3.14156241   error = 3.024e-05   elapsed = 153.82 s
darts =  539,000,000 / 1,000,000,000   pi = 3.14156795   error = 2.471e-05   elapsed = 154.10 s
darts =  540,000,000 / 1,000,000,000   pi = 3.14156543   error = 2.722e-05   elapsed = 154.39 s
  --> periodic checkpoint saved at dart 540,000,000
darts =  541,000,000 / 1,000,000,000   pi = 3.14156218   error = 3.047e-05   elapsed = 154.68 s
darts =  542,000,000 / 1,000,000,000   pi = 3.14156292   error = 2.973e-05   elapsed = 154.97 s
darts =  543,000,000 / 1,000,000,000   pi = 3.14155997   error = 3.268e-05   elapsed = 155.25 s
darts =  544,000,000 / 1,000,000,000   pi = 3.14155630   error = 3.635e-05   elapsed = 155.53 s
darts =  545,000,000 / 1,000,000,000   pi = 3.14156163   error = 3.102e-05   elapsed = 155.81 s
  --> periodic checkpoint saved at dart 545,000,000
darts =  546,000,000 / 1,000,000,000   pi = 3.14155783   error = 3.482e-05   elapsed = 156.11 s
darts =  547,000,000 / 1,000,000,000   pi = 3.14155636   error = 3.630e-05   elapsed = 156.39 s
darts =  548,000,000 / 1,000,000,000   pi = 3.14155428   error = 3.837e-05   elapsed = 156.67 s
darts =  549,000,000 / 1,000,000,000   pi = 3.14156042   error = 3.224e-05   elapsed = 156.96 s
darts =  550,000,000 / 1,000,000,000   pi = 3.14156123   error = 3.142e-05   elapsed = 157.24 s
  --> periodic checkpoint saved at dart 550,000,000
darts =  551,000,000 / 1,000,000,000   pi = 3.14156512   error = 2.754e-05   elapsed = 157.53 s
darts =  552,000,000 / 1,000,000,000   pi = 3.14156090   error = 3.176e-05   elapsed = 157.82 s
darts =  553,000,000 / 1,000,000,000   pi = 3.14156006   error = 3.260e-05   elapsed = 158.10 s
darts =  554,000,000 / 1,000,000,000   pi = 3.14155709   error = 3.556e-05   elapsed = 158.38 s
darts =  555,000,000 / 1,000,000,000   pi = 3.14156114   error = 3.151e-05   elapsed = 158.67 s
  --> periodic checkpoint saved at dart 555,000,000
darts =  556,000,000 / 1,000,000,000   pi = 3.14155715   error = 3.550e-05   elapsed = 158.96 s
darts =  557,000,000 / 1,000,000,000   pi = 3.14155809   error = 3.456e-05   elapsed = 159.24 s
darts =  558,000,000 / 1,000,000,000   pi = 3.14156016   error = 3.250e-05   elapsed = 159.53 s
darts =  559,000,000 / 1,000,000,000   pi = 3.14156075   error = 3.190e-05   elapsed = 159.81 s
darts =  560,000,000 / 1,000,000,000   pi = 3.14155838   error = 3.428e-05   elapsed = 160.09 s
  --> periodic checkpoint saved at dart 560,000,000
darts =  561,000,000 / 1,000,000,000   pi = 3.14155977   error = 3.288e-05   elapsed = 160.39 s
darts =  562,000,000 / 1,000,000,000   pi = 3.14155962   error = 3.303e-05   elapsed = 160.68 s
darts =  563,000,000 / 1,000,000,000   pi = 3.14155935   error = 3.331e-05   elapsed = 160.96 s
darts =  564,000,000 / 1,000,000,000   pi = 3.14156052   error = 3.214e-05   elapsed = 161.24 s
darts =  565,000,000 / 1,000,000,000   pi = 3.14156132   error = 3.134e-05   elapsed = 161.52 s
  --> periodic checkpoint saved at dart 565,000,000
darts =  566,000,000 / 1,000,000,000   pi = 3.14155878   error = 3.387e-05   elapsed = 161.82 s
darts =  567,000,000 / 1,000,000,000   pi = 3.14155740   error = 3.525e-05   elapsed = 162.10 s
darts =  568,000,000 / 1,000,000,000   pi = 3.14155545   error = 3.720e-05   elapsed = 162.38 s
darts =  569,000,000 / 1,000,000,000   pi = 3.14156133   error = 3.132e-05   elapsed = 162.67 s
darts =  570,000,000 / 1,000,000,000   pi = 3.14156280   error = 2.985e-05   elapsed = 162.95 s
  --> periodic checkpoint saved at dart 570,000,000
darts =  571,000,000 / 1,000,000,000   pi = 3.14155828   error = 3.437e-05   elapsed = 163.25 s
darts =  572,000,000 / 1,000,000,000   pi = 3.14155550   error = 3.716e-05   elapsed = 163.53 s
darts =  573,000,000 / 1,000,000,000   pi = 3.14155391   error = 3.875e-05   elapsed = 163.81 s
darts =  574,000,000 / 1,000,000,000   pi = 3.14155420   error = 3.845e-05   elapsed = 164.09 s
darts =  575,000,000 / 1,000,000,000   pi = 3.14155868   error = 3.398e-05   elapsed = 164.38 s
  --> periodic checkpoint saved at dart 575,000,000
darts =  576,000,000 / 1,000,000,000   pi = 3.14155990   error = 3.275e-05   elapsed = 164.67 s
darts =  577,000,000 / 1,000,000,000   pi = 3.14155832   error = 3.433e-05   elapsed = 164.96 s
darts =  578,000,000 / 1,000,000,000   pi = 3.14155786   error = 3.479e-05   elapsed = 165.24 s
darts =  579,000,000 / 1,000,000,000   pi = 3.14155680   error = 3.585e-05   elapsed = 165.52 s
darts =  580,000,000 / 1,000,000,000   pi = 3.14155407   error = 3.858e-05   elapsed = 165.81 s
  --> periodic checkpoint saved at dart 580,000,000
darts =  581,000,000 / 1,000,000,000   pi = 3.14155165   error = 4.100e-05   elapsed = 166.10 s
darts =  582,000,000 / 1,000,000,000   pi = 3.14154964   error = 4.301e-05   elapsed = 166.39 s
darts =  583,000,000 / 1,000,000,000   pi = 3.14155372   error = 3.894e-05   elapsed = 166.67 s
darts =  584,000,000 / 1,000,000,000   pi = 3.14154993   error = 4.272e-05   elapsed = 166.95 s
darts =  585,000,000 / 1,000,000,000   pi = 3.14154815   error = 4.450e-05   elapsed = 167.23 s
  --> periodic checkpoint saved at dart 585,000,000
darts =  586,000,000 / 1,000,000,000   pi = 3.14154833   error = 4.433e-05   elapsed = 167.53 s
darts =  587,000,000 / 1,000,000,000   pi = 3.14154873   error = 4.392e-05   elapsed = 167.81 s
darts =  588,000,000 / 1,000,000,000   pi = 3.14154503   error = 4.763e-05   elapsed = 168.09 s
darts =  589,000,000 / 1,000,000,000   pi = 3.14154352   error = 4.913e-05   elapsed = 168.38 s
darts =  590,000,000 / 1,000,000,000   pi = 3.14154617   error = 4.648e-05   elapsed = 168.66 s
  --> periodic checkpoint saved at dart 590,000,000
darts =  591,000,000 / 1,000,000,000   pi = 3.14154889   error = 4.377e-05   elapsed = 168.96 s
darts =  592,000,000 / 1,000,000,000   pi = 3.14154847   error = 4.418e-05   elapsed = 169.24 s
darts =  593,000,000 / 1,000,000,000   pi = 3.14154333   error = 4.933e-05   elapsed = 169.52 s
darts =  594,000,000 / 1,000,000,000   pi = 3.14154133   error = 5.132e-05   elapsed = 169.81 s
darts =  595,000,000 / 1,000,000,000   pi = 3.14153750   error = 5.515e-05   elapsed = 170.09 s
  --> periodic checkpoint saved at dart 595,000,000
darts =  596,000,000 / 1,000,000,000   pi = 3.14154265   error = 5.000e-05   elapsed = 170.38 s
darts =  597,000,000 / 1,000,000,000   pi = 3.14154518   error = 4.747e-05   elapsed = 170.67 s
darts =  598,000,000 / 1,000,000,000   pi = 3.14154566   error = 4.699e-05   elapsed = 170.95 s
darts =  599,000,000 / 1,000,000,000   pi = 3.14154479   error = 4.786e-05   elapsed = 171.23 s
darts =  600,000,000 / 1,000,000,000   pi = 3.14154572   error = 4.693e-05   elapsed = 171.51 s
  --> periodic checkpoint saved at dart 600,000,000
darts =  601,000,000 / 1,000,000,000   pi = 3.14154675   error = 4.590e-05   elapsed = 171.81 s
darts =  602,000,000 / 1,000,000,000   pi = 3.14154447   error = 4.818e-05   elapsed = 172.09 s
darts =  603,000,000 / 1,000,000,000   pi = 3.14154507   error = 4.758e-05   elapsed = 172.37 s
darts =  604,000,000 / 1,000,000,000   pi = 3.14153996   error = 5.269e-05   elapsed = 172.66 s
darts =  605,000,000 / 1,000,000,000   pi = 3.14153774   error = 5.491e-05   elapsed = 172.94 s
  --> periodic checkpoint saved at dart 605,000,000
darts =  606,000,000 / 1,000,000,000   pi = 3.14153343   error = 5.923e-05   elapsed = 173.24 s
darts =  607,000,000 / 1,000,000,000   pi = 3.14153458   error = 5.807e-05   elapsed = 173.52 s
darts =  608,000,000 / 1,000,000,000   pi = 3.14153782   error = 5.484e-05   elapsed = 173.80 s
darts =  609,000,000 / 1,000,000,000   pi = 3.14153503   error = 5.762e-05   elapsed = 174.08 s
darts =  610,000,000 / 1,000,000,000   pi = 3.14153035   error = 6.230e-05   elapsed = 174.37 s
  --> periodic checkpoint saved at dart 610,000,000
darts =  611,000,000 / 1,000,000,000   pi = 3.14153292   error = 5.973e-05   elapsed = 174.66 s
darts =  612,000,000 / 1,000,000,000   pi = 3.14153163   error = 6.102e-05   elapsed = 174.94 s
darts =  613,000,000 / 1,000,000,000   pi = 3.14153478   error = 5.787e-05   elapsed = 175.23 s
darts =  614,000,000 / 1,000,000,000   pi = 3.14153554   error = 5.711e-05   elapsed = 175.51 s
darts =  615,000,000 / 1,000,000,000   pi = 3.14153323   error = 5.942e-05   elapsed = 175.79 s
  --> periodic checkpoint saved at dart 615,000,000
darts =  616,000,000 / 1,000,000,000   pi = 3.14152849   error = 6.417e-05   elapsed = 176.09 s
darts =  617,000,000 / 1,000,000,000   pi = 3.14152905   error = 6.360e-05   elapsed = 176.37 s
darts =  618,000,000 / 1,000,000,000   pi = 3.14152901   error = 6.364e-05   elapsed = 176.66 s
darts =  619,000,000 / 1,000,000,000   pi = 3.14152668   error = 6.598e-05   elapsed = 176.94 s
darts =  620,000,000 / 1,000,000,000   pi = 3.14152799   error = 6.467e-05   elapsed = 177.22 s
  --> periodic checkpoint saved at dart 620,000,000
darts =  621,000,000 / 1,000,000,000   pi = 3.14152821   error = 6.444e-05   elapsed = 177.52 s
darts =  622,000,000 / 1,000,000,000   pi = 3.14152655   error = 6.610e-05   elapsed = 177.80 s
darts =  623,000,000 / 1,000,000,000   pi = 3.14152839   error = 6.427e-05   elapsed = 178.08 s
darts =  624,000,000 / 1,000,000,000   pi = 3.14152447   error = 6.819e-05   elapsed = 178.37 s
darts =  625,000,000 / 1,000,000,000   pi = 3.14152456   error = 6.810e-05   elapsed = 178.65 s
  --> periodic checkpoint saved at dart 625,000,000
darts =  626,000,000 / 1,000,000,000   pi = 3.14152443   error = 6.822e-05   elapsed = 178.94 s
darts =  627,000,000 / 1,000,000,000   pi = 3.14152071   error = 7.194e-05   elapsed = 179.23 s
darts =  628,000,000 / 1,000,000,000   pi = 3.14151876   error = 7.389e-05   elapsed = 179.51 s
darts =  629,000,000 / 1,000,000,000   pi = 3.14152083   error = 7.182e-05   elapsed = 179.79 s
darts =  630,000,000 / 1,000,000,000   pi = 3.14152015   error = 7.250e-05   elapsed = 180.07 s
  --> periodic checkpoint saved at dart 630,000,000
darts =  631,000,000 / 1,000,000,000   pi = 3.14151789   error = 7.476e-05   elapsed = 180.37 s
darts =  632,000,000 / 1,000,000,000   pi = 3.14151948   error = 7.317e-05   elapsed = 180.65 s
darts =  633,000,000 / 1,000,000,000   pi = 3.14151579   error = 7.686e-05   elapsed = 180.94 s
darts =  634,000,000 / 1,000,000,000   pi = 3.14151517   error = 7.749e-05   elapsed = 181.22 s
darts =  635,000,000 / 1,000,000,000   pi = 3.14151708   error = 7.557e-05   elapsed = 181.50 s
  --> periodic checkpoint saved at dart 635,000,000
darts =  636,000,000 / 1,000,000,000   pi = 3.14151542   error = 7.723e-05   elapsed = 181.80 s
darts =  637,000,000 / 1,000,000,000   pi = 3.14151550   error = 7.715e-05   elapsed = 182.08 s
darts =  638,000,000 / 1,000,000,000   pi = 3.14151836   error = 7.430e-05   elapsed = 182.36 s
darts =  639,000,000 / 1,000,000,000   pi = 3.14151866   error = 7.399e-05   elapsed = 182.65 s
darts =  640,000,000 / 1,000,000,000   pi = 3.14151629   error = 7.636e-05   elapsed = 182.93 s
  --> periodic checkpoint saved at dart 640,000,000
darts =  641,000,000 / 1,000,000,000   pi = 3.14151563   error = 7.702e-05   elapsed = 183.23 s
darts =  642,000,000 / 1,000,000,000   pi = 3.14151444   error = 7.821e-05   elapsed = 183.51 s
darts =  643,000,000 / 1,000,000,000   pi = 3.14151687   error = 7.578e-05   elapsed = 183.79 s
darts =  644,000,000 / 1,000,000,000   pi = 3.14151772   error = 7.493e-05   elapsed = 184.08 s
darts =  645,000,000 / 1,000,000,000   pi = 3.14151868   error = 7.397e-05   elapsed = 184.36 s
  --> periodic checkpoint saved at dart 645,000,000
darts =  646,000,000 / 1,000,000,000   pi = 3.14151871   error = 7.395e-05   elapsed = 184.65 s
darts =  647,000,000 / 1,000,000,000   pi = 3.14152039   error = 7.226e-05   elapsed = 184.94 s
darts =  648,000,000 / 1,000,000,000   pi = 3.14152172   error = 7.094e-05   elapsed = 185.22 s
darts =  649,000,000 / 1,000,000,000   pi = 3.14151781   error = 7.484e-05   elapsed = 185.50 s
darts =  650,000,000 / 1,000,000,000   pi = 3.14152255   error = 7.010e-05   elapsed = 185.78 s
  --> periodic checkpoint saved at dart 650,000,000
darts =  651,000,000 / 1,000,000,000   pi = 3.14152037   error = 7.228e-05   elapsed = 186.08 s
darts =  652,000,000 / 1,000,000,000   pi = 3.14151989   error = 7.276e-05   elapsed = 186.36 s
darts =  653,000,000 / 1,000,000,000   pi = 3.14151620   error = 7.645e-05   elapsed = 186.65 s
darts =  654,000,000 / 1,000,000,000   pi = 3.14151442   error = 7.824e-05   elapsed = 186.93 s
darts =  655,000,000 / 1,000,000,000   pi = 3.14150995   error = 8.270e-05   elapsed = 187.21 s
  --> periodic checkpoint saved at dart 655,000,000
darts =  656,000,000 / 1,000,000,000   pi = 3.14151181   error = 8.084e-05   elapsed = 187.51 s
darts =  657,000,000 / 1,000,000,000   pi = 3.14151045   error = 8.221e-05   elapsed = 187.79 s
darts =  658,000,000 / 1,000,000,000   pi = 3.14151274   error = 7.992e-05   elapsed = 188.07 s
darts =  659,000,000 / 1,000,000,000   pi = 3.14151082   error = 8.183e-05   elapsed = 188.36 s
darts =  660,000,000 / 1,000,000,000   pi = 3.14151461   error = 7.804e-05   elapsed = 188.64 s
  --> periodic checkpoint saved at dart 660,000,000
darts =  661,000,000 / 1,000,000,000   pi = 3.14150945   error = 8.320e-05   elapsed = 188.93 s
darts =  662,000,000 / 1,000,000,000   pi = 3.14150982   error = 8.283e-05   elapsed = 189.22 s
darts =  663,000,000 / 1,000,000,000   pi = 3.14151057   error = 8.208e-05   elapsed = 189.50 s
darts =  664,000,000 / 1,000,000,000   pi = 3.14151243   error = 8.022e-05   elapsed = 189.78 s
darts =  665,000,000 / 1,000,000,000   pi = 3.14150940   error = 8.325e-05   elapsed = 190.06 s
  --> periodic checkpoint saved at dart 665,000,000
darts =  666,000,000 / 1,000,000,000   pi = 3.14150825   error = 8.440e-05   elapsed = 190.36 s
darts =  667,000,000 / 1,000,000,000   pi = 3.14150448   error = 8.817e-05   elapsed = 190.64 s
darts =  668,000,000 / 1,000,000,000   pi = 3.14150063   error = 9.202e-05   elapsed = 190.92 s
darts =  669,000,000 / 1,000,000,000   pi = 3.14149617   error = 9.648e-05   elapsed = 191.21 s
darts =  670,000,000 / 1,000,000,000   pi = 3.14149361   error = 9.904e-05   elapsed = 191.49 s
  --> periodic checkpoint saved at dart 670,000,000
darts =  671,000,000 / 1,000,000,000   pi = 3.14149500   error = 9.766e-05   elapsed = 191.78 s
darts =  672,000,000 / 1,000,000,000   pi = 3.14149135   error = 1.013e-04   elapsed = 192.07 s
darts =  673,000,000 / 1,000,000,000   pi = 3.14148644   error = 1.062e-04   elapsed = 192.35 s
darts =  674,000,000 / 1,000,000,000   pi = 3.14148610   error = 1.066e-04   elapsed = 192.63 s
darts =  675,000,000 / 1,000,000,000   pi = 3.14148435   error = 1.083e-04   elapsed = 192.91 s
  --> periodic checkpoint saved at dart 675,000,000
darts =  676,000,000 / 1,000,000,000   pi = 3.14148293   error = 1.097e-04   elapsed = 193.21 s
darts =  677,000,000 / 1,000,000,000   pi = 3.14148230   error = 1.103e-04   elapsed = 193.49 s
darts =  678,000,000 / 1,000,000,000   pi = 3.14148369   error = 1.090e-04   elapsed = 193.77 s
darts =  679,000,000 / 1,000,000,000   pi = 3.14148280   error = 1.098e-04   elapsed = 194.06 s
darts =  680,000,000 / 1,000,000,000   pi = 3.14148374   error = 1.089e-04   elapsed = 194.34 s
  --> periodic checkpoint saved at dart 680,000,000
darts =  681,000,000 / 1,000,000,000   pi = 3.14148491   error = 1.077e-04   elapsed = 194.64 s
darts =  682,000,000 / 1,000,000,000   pi = 3.14148915   error = 1.035e-04   elapsed = 194.92 s
darts =  683,000,000 / 1,000,000,000   pi = 3.14148690   error = 1.058e-04   elapsed = 195.20 s
darts =  684,000,000 / 1,000,000,000   pi = 3.14148230   error = 1.104e-04   elapsed = 195.49 s
darts =  685,000,000 / 1,000,000,000   pi = 3.14148511   error = 1.075e-04   elapsed = 195.77 s
  --> periodic checkpoint saved at dart 685,000,000
darts =  686,000,000 / 1,000,000,000   pi = 3.14148574   error = 1.069e-04   elapsed = 196.07 s
darts =  687,000,000 / 1,000,000,000   pi = 3.14148254   error = 1.101e-04   elapsed = 196.35 s
darts =  688,000,000 / 1,000,000,000   pi = 3.14148509   error = 1.076e-04   elapsed = 196.63 s
darts =  689,000,000 / 1,000,000,000   pi = 3.14148764   error = 1.050e-04   elapsed = 196.92 s
darts =  690,000,000 / 1,000,000,000   pi = 3.14148751   error = 1.051e-04   elapsed = 197.20 s
  --> periodic checkpoint saved at dart 690,000,000
darts =  691,000,000 / 1,000,000,000   pi = 3.14148916   error = 1.035e-04   elapsed = 197.50 s
darts =  692,000,000 / 1,000,000,000   pi = 3.14149114   error = 1.015e-04   elapsed = 197.78 s
darts =  693,000,000 / 1,000,000,000   pi = 3.14149260   error = 1.001e-04   elapsed = 198.06 s
darts =  694,000,000 / 1,000,000,000   pi = 3.14149641   error = 9.624e-05   elapsed = 198.34 s
darts =  695,000,000 / 1,000,000,000   pi = 3.14149837   error = 9.428e-05   elapsed = 198.63 s
  --> periodic checkpoint saved at dart 695,000,000
darts =  696,000,000 / 1,000,000,000   pi = 3.14149960   error = 9.305e-05   elapsed = 198.92 s
darts =  697,000,000 / 1,000,000,000   pi = 3.14149764   error = 9.502e-05   elapsed = 199.21 s
darts =  698,000,000 / 1,000,000,000   pi = 3.14149621   error = 9.644e-05   elapsed = 199.49 s
darts =  699,000,000 / 1,000,000,000   pi = 3.14149475   error = 9.791e-05   elapsed = 199.77 s
darts =  700,000,000 / 1,000,000,000   pi = 3.14149762   error = 9.503e-05   elapsed = 200.05 s
  --> periodic checkpoint saved at dart 700,000,000
darts =  701,000,000 / 1,000,000,000   pi = 3.14150008   error = 9.257e-05   elapsed = 200.35 s
darts =  702,000,000 / 1,000,000,000   pi = 3.14149651   error = 9.614e-05   elapsed = 200.63 s
darts =  703,000,000 / 1,000,000,000   pi = 3.14149462   error = 9.804e-05   elapsed = 200.92 s

============================================================
darts =  704,000,000 / 1,000,000,000   pi = 3.14149614   error = 9.651e-05   elapsed = 201.21 s
SIGUSR1 received: Wed Sep 23 18:47:06 EDT 2026
Preparing to requeue job 15378
============================================================
Latest checkpoint:
darts =  705,000,000 / 1,000,000,000   pi = 3.14149339   error = 9.926e-05   elapsed = 201.49 s
-rw-r--r--. 1 pkrastev rc_admin 3.9K Sep 23 18:47 checkpoints/pi_requeue.pkl
Requesting requeue...
  --> periodic checkpoint saved at dart 705,000,000
============================================================
Starting Python automatic-requeue example
============================================================
Job ID        : 15378
Restart count : 2
Node          : holy7c26504.rc.fas.harvard.edu
Time          : Wed Sep 23 18:49:38 EDT 2026
============================================================
========================================================================
Monte Carlo Pi - Automatic Slurm Checkpoint/Restart
========================================================================
Slurm job ID        : 15378
Slurm restart count : 2
Hostname            : holy7c26504
------------------------------------------------------------------------
Number of darts     : 1,000,000,000
Random seed         : 42
Checkpoint interval : 5,000,000
Checkpoint file     : checkpoints/pi_requeue.pkl
========================================================================

========================================================================
CHECKPOINT FOUND - AUTOMATIC RESTART
========================================================================
Completed darts  : 705,774,009
Inside circle    : 554,296,307
Previous runtime : 201.74 s
========================================================================

darts =  706,000,000 / 1,000,000,000   pi = 3.14149389   error = 9.876e-05   elapsed = 201.81 s
darts =  707,000,000 / 1,000,000,000   pi = 3.14149880   error = 9.385e-05   elapsed = 202.09 s
darts =  708,000,000 / 1,000,000,000   pi = 3.14149561   error = 9.704e-05   elapsed = 202.37 s
darts =  709,000,000 / 1,000,000,000   pi = 3.14149491   error = 9.775e-05   elapsed = 202.66 s
darts =  710,000,000 / 1,000,000,000   pi = 3.14149135   error = 1.013e-04   elapsed = 202.94 s
  --> periodic checkpoint saved at dart 710,000,000
darts =  711,000,000 / 1,000,000,000   pi = 3.14149044   error = 1.022e-04   elapsed = 203.24 s
darts =  712,000,000 / 1,000,000,000   pi = 3.14148880   error = 1.039e-04   elapsed = 203.52 s
darts =  713,000,000 / 1,000,000,000   pi = 3.14149009   error = 1.026e-04   elapsed = 203.80 s
darts =  714,000,000 / 1,000,000,000   pi = 3.14148830   error = 1.044e-04   elapsed = 204.09 s
darts =  715,000,000 / 1,000,000,000   pi = 3.14149041   error = 1.022e-04   elapsed = 204.37 s
  --> periodic checkpoint saved at dart 715,000,000
darts =  716,000,000 / 1,000,000,000   pi = 3.14149259   error = 1.001e-04   elapsed = 204.67 s
darts =  717,000,000 / 1,000,000,000   pi = 3.14149026   error = 1.024e-04   elapsed = 204.95 s
darts =  718,000,000 / 1,000,000,000   pi = 3.14149039   error = 1.023e-04   elapsed = 205.23 s
darts =  719,000,000 / 1,000,000,000   pi = 3.14149006   error = 1.026e-04   elapsed = 205.52 s
darts =  720,000,000 / 1,000,000,000   pi = 3.14149011   error = 1.025e-04   elapsed = 205.80 s
  --> periodic checkpoint saved at dart 720,000,000
darts =  721,000,000 / 1,000,000,000   pi = 3.14148906   error = 1.036e-04   elapsed = 206.10 s
darts =  722,000,000 / 1,000,000,000   pi = 3.14149254   error = 1.001e-04   elapsed = 206.38 s
darts =  723,000,000 / 1,000,000,000   pi = 3.14149509   error = 9.757e-05   elapsed = 206.66 s
darts =  724,000,000 / 1,000,000,000   pi = 3.14149860   error = 9.406e-05   elapsed = 206.95 s
darts =  725,000,000 / 1,000,000,000   pi = 3.14149433   error = 9.833e-05   elapsed = 207.23 s
  --> periodic checkpoint saved at dart 725,000,000
darts =  726,000,000 / 1,000,000,000   pi = 3.14149579   error = 9.686e-05   elapsed = 207.53 s
darts =  727,000,000 / 1,000,000,000   pi = 3.14149588   error = 9.677e-05   elapsed = 207.81 s
darts =  728,000,000 / 1,000,000,000   pi = 3.14149543   error = 9.723e-05   elapsed = 208.10 s
darts =  729,000,000 / 1,000,000,000   pi = 3.14149595   error = 9.671e-05   elapsed = 208.38 s
darts =  730,000,000 / 1,000,000,000   pi = 3.14149408   error = 9.858e-05   elapsed = 208.66 s
  --> periodic checkpoint saved at dart 730,000,000
darts =  731,000,000 / 1,000,000,000   pi = 3.14149414   error = 9.851e-05   elapsed = 208.96 s
darts =  732,000,000 / 1,000,000,000   pi = 3.14149501   error = 9.765e-05   elapsed = 209.24 s
darts =  733,000,000 / 1,000,000,000   pi = 3.14149927   error = 9.338e-05   elapsed = 209.52 s
darts =  734,000,000 / 1,000,000,000   pi = 3.14150249   error = 9.016e-05   elapsed = 209.81 s
darts =  735,000,000 / 1,000,000,000   pi = 3.14149761   error = 9.505e-05   elapsed = 210.09 s
  --> periodic checkpoint saved at dart 735,000,000
darts =  736,000,000 / 1,000,000,000   pi = 3.14149861   error = 9.404e-05   elapsed = 210.39 s
darts =  737,000,000 / 1,000,000,000   pi = 3.14149927   error = 9.339e-05   elapsed = 210.67 s
darts =  738,000,000 / 1,000,000,000   pi = 3.14149937   error = 9.329e-05   elapsed = 210.95 s
darts =  739,000,000 / 1,000,000,000   pi = 3.14149838   error = 9.428e-05   elapsed = 211.24 s
darts =  740,000,000 / 1,000,000,000   pi = 3.14150524   error = 8.741e-05   elapsed = 211.52 s
  --> periodic checkpoint saved at dart 740,000,000
darts =  741,000,000 / 1,000,000,000   pi = 3.14151074   error = 8.191e-05   elapsed = 211.82 s
darts =  742,000,000 / 1,000,000,000   pi = 3.14151234   error = 8.031e-05   elapsed = 212.11 s
darts =  743,000,000 / 1,000,000,000   pi = 3.14151506   error = 7.759e-05   elapsed = 212.39 s
darts =  744,000,000 / 1,000,000,000   pi = 3.14151695   error = 7.570e-05   elapsed = 212.67 s
darts =  745,000,000 / 1,000,000,000   pi = 3.14151703   error = 7.562e-05   elapsed = 212.95 s
  --> periodic checkpoint saved at dart 745,000,000
darts =  746,000,000 / 1,000,000,000   pi = 3.14151527   error = 7.738e-05   elapsed = 213.25 s
darts =  747,000,000 / 1,000,000,000   pi = 3.14151638   error = 7.627e-05   elapsed = 213.54 s
darts =  748,000,000 / 1,000,000,000   pi = 3.14151799   error = 7.466e-05   elapsed = 213.82 s
darts =  749,000,000 / 1,000,000,000   pi = 3.14151829   error = 7.436e-05   elapsed = 214.10 s
darts =  750,000,000 / 1,000,000,000   pi = 3.14151910   error = 7.355e-05   elapsed = 214.38 s
  --> periodic checkpoint saved at dart 750,000,000
darts =  751,000,000 / 1,000,000,000   pi = 3.14151606   error = 7.659e-05   elapsed = 214.68 s
darts =  752,000,000 / 1,000,000,000   pi = 3.14151809   error = 7.457e-05   elapsed = 214.96 s
darts =  753,000,000 / 1,000,000,000   pi = 3.14151748   error = 7.518e-05   elapsed = 215.25 s
darts =  754,000,000 / 1,000,000,000   pi = 3.14152082   error = 7.183e-05   elapsed = 215.53 s
darts =  755,000,000 / 1,000,000,000   pi = 3.14152049   error = 7.217e-05   elapsed = 215.81 s
  --> periodic checkpoint saved at dart 755,000,000
darts =  756,000,000 / 1,000,000,000   pi = 3.14152088   error = 7.178e-05   elapsed = 216.11 s
darts =  757,000,000 / 1,000,000,000   pi = 3.14151480   error = 7.785e-05   elapsed = 216.39 s
darts =  758,000,000 / 1,000,000,000   pi = 3.14151735   error = 7.531e-05   elapsed = 216.68 s
darts =  759,000,000 / 1,000,000,000   pi = 3.14151663   error = 7.602e-05   elapsed = 216.96 s
darts =  760,000,000 / 1,000,000,000   pi = 3.14151891   error = 7.374e-05   elapsed = 217.24 s
  --> periodic checkpoint saved at dart 760,000,000
darts =  761,000,000 / 1,000,000,000   pi = 3.14151786   error = 7.480e-05   elapsed = 217.54 s
darts =  762,000,000 / 1,000,000,000   pi = 3.14152031   error = 7.234e-05   elapsed = 217.82 s
darts =  763,000,000 / 1,000,000,000   pi = 3.14151721   error = 7.545e-05   elapsed = 218.11 s
darts =  764,000,000 / 1,000,000,000   pi = 3.14151920   error = 7.345e-05   elapsed = 218.39 s
darts =  765,000,000 / 1,000,000,000   pi = 3.14151890   error = 7.376e-05   elapsed = 218.67 s
  --> periodic checkpoint saved at dart 765,000,000
darts =  766,000,000 / 1,000,000,000   pi = 3.14151774   error = 7.491e-05   elapsed = 218.97 s
darts =  767,000,000 / 1,000,000,000   pi = 3.14151984   error = 7.282e-05   elapsed = 219.25 s
darts =  768,000,000 / 1,000,000,000   pi = 3.14151823   error = 7.442e-05   elapsed = 219.54 s
darts =  769,000,000 / 1,000,000,000   pi = 3.14152134   error = 7.131e-05   elapsed = 219.82 s
darts =  770,000,000 / 1,000,000,000   pi = 3.14151856   error = 7.409e-05   elapsed = 220.10 s
  --> periodic checkpoint saved at dart 770,000,000
darts =  771,000,000 / 1,000,000,000   pi = 3.14151905   error = 7.361e-05   elapsed = 220.40 s
darts =  772,000,000 / 1,000,000,000   pi = 3.14152055   error = 7.210e-05   elapsed = 220.68 s
darts =  773,000,000 / 1,000,000,000   pi = 3.14152156   error = 7.110e-05   elapsed = 220.97 s
darts =  774,000,000 / 1,000,000,000   pi = 3.14151976   error = 7.289e-05   elapsed = 221.25 s
darts =  775,000,000 / 1,000,000,000   pi = 3.14152115   error = 7.150e-05   elapsed = 221.53 s
  --> periodic checkpoint saved at dart 775,000,000
darts =  776,000,000 / 1,000,000,000   pi = 3.14152160   error = 7.105e-05   elapsed = 221.83 s
darts =  777,000,000 / 1,000,000,000   pi = 3.14152401   error = 6.864e-05   elapsed = 222.12 s
darts =  778,000,000 / 1,000,000,000   pi = 3.14152232   error = 7.033e-05   elapsed = 222.40 s
darts =  779,000,000 / 1,000,000,000   pi = 3.14152350   error = 6.915e-05   elapsed = 222.68 s
darts =  780,000,000 / 1,000,000,000   pi = 3.14152198   error = 7.067e-05   elapsed = 222.97 s
  --> periodic checkpoint saved at dart 780,000,000
darts =  781,000,000 / 1,000,000,000   pi = 3.14152397   error = 6.868e-05   elapsed = 223.26 s
darts =  782,000,000 / 1,000,000,000   pi = 3.14152576   error = 6.689e-05   elapsed = 223.55 s
darts =  783,000,000 / 1,000,000,000   pi = 3.14152538   error = 6.727e-05   elapsed = 223.83 s
darts =  784,000,000 / 1,000,000,000   pi = 3.14152765   error = 6.501e-05   elapsed = 224.11 s
darts =  785,000,000 / 1,000,000,000   pi = 3.14152918   error = 6.348e-05   elapsed = 224.40 s
  --> periodic checkpoint saved at dart 785,000,000
darts =  786,000,000 / 1,000,000,000   pi = 3.14152546   error = 6.719e-05   elapsed = 224.70 s
darts =  787,000,000 / 1,000,000,000   pi = 3.14152562   error = 6.704e-05   elapsed = 224.98 s
darts =  788,000,000 / 1,000,000,000   pi = 3.14152556   error = 6.710e-05   elapsed = 225.26 s
darts =  789,000,000 / 1,000,000,000   pi = 3.14152616   error = 6.649e-05   elapsed = 225.55 s
darts =  790,000,000 / 1,000,000,000   pi = 3.14152444   error = 6.822e-05   elapsed = 225.83 s
  --> periodic checkpoint saved at dart 790,000,000
darts =  791,000,000 / 1,000,000,000   pi = 3.14152386   error = 6.879e-05   elapsed = 226.13 s
darts =  792,000,000 / 1,000,000,000   pi = 3.14152388   error = 6.877e-05   elapsed = 226.41 s
darts =  793,000,000 / 1,000,000,000   pi = 3.14152586   error = 6.680e-05   elapsed = 226.70 s
darts =  794,000,000 / 1,000,000,000   pi = 3.14152508   error = 6.757e-05   elapsed = 226.98 s
darts =  795,000,000 / 1,000,000,000   pi = 3.14152212   error = 7.054e-05   elapsed = 227.26 s
  --> periodic checkpoint saved at dart 795,000,000
darts =  796,000,000 / 1,000,000,000   pi = 3.14151979   error = 7.286e-05   elapsed = 227.56 s
darts =  797,000,000 / 1,000,000,000   pi = 3.14151659   error = 7.607e-05   elapsed = 227.84 s
darts =  798,000,000 / 1,000,000,000   pi = 3.14151694   error = 7.571e-05   elapsed = 228.13 s
darts =  799,000,000 / 1,000,000,000   pi = 3.14151550   error = 7.715e-05   elapsed = 228.41 s
darts =  800,000,000 / 1,000,000,000   pi = 3.14151896   error = 7.369e-05   elapsed = 228.70 s
  --> periodic checkpoint saved at dart 800,000,000
darts =  801,000,000 / 1,000,000,000   pi = 3.14151866   error = 7.399e-05   elapsed = 228.99 s
darts =  802,000,000 / 1,000,000,000   pi = 3.14152020   error = 7.245e-05   elapsed = 229.28 s
darts =  803,000,000 / 1,000,000,000   pi = 3.14151956   error = 7.310e-05   elapsed = 229.56 s
darts =  804,000,000 / 1,000,000,000   pi = 3.14151789   error = 7.477e-05   elapsed = 229.84 s
darts =  805,000,000 / 1,000,000,000   pi = 3.14151677   error = 7.588e-05   elapsed = 230.13 s
  --> periodic checkpoint saved at dart 805,000,000
darts =  806,000,000 / 1,000,000,000   pi = 3.14151708   error = 7.557e-05   elapsed = 230.43 s
darts =  807,000,000 / 1,000,000,000   pi = 3.14151493   error = 7.772e-05   elapsed = 230.71 s
darts =  808,000,000 / 1,000,000,000   pi = 3.14151082   error = 8.183e-05   elapsed = 230.99 s
darts =  809,000,000 / 1,000,000,000   pi = 3.14151147   error = 8.118e-05   elapsed = 231.28 s
darts =  810,000,000 / 1,000,000,000   pi = 3.14151518   error = 7.748e-05   elapsed = 231.56 s
  --> periodic checkpoint saved at dart 810,000,000
darts =  811,000,000 / 1,000,000,000   pi = 3.14151596   error = 7.669e-05   elapsed = 231.86 s
darts =  812,000,000 / 1,000,000,000   pi = 3.14151530   error = 7.735e-05   elapsed = 232.14 s
darts =  813,000,000 / 1,000,000,000   pi = 3.14151896   error = 7.369e-05   elapsed = 232.42 s
darts =  814,000,000 / 1,000,000,000   pi = 3.14151622   error = 7.643e-05   elapsed = 232.71 s
darts =  815,000,000 / 1,000,000,000   pi = 3.14151572   error = 7.694e-05   elapsed = 232.99 s
  --> periodic checkpoint saved at dart 815,000,000
darts =  816,000,000 / 1,000,000,000   pi = 3.14151501   error = 7.764e-05   elapsed = 233.29 s
darts =  817,000,000 / 1,000,000,000   pi = 3.14151666   error = 7.599e-05   elapsed = 233.57 s
darts =  818,000,000 / 1,000,000,000   pi = 3.14151488   error = 7.777e-05   elapsed = 233.86 s
darts =  819,000,000 / 1,000,000,000   pi = 3.14151550   error = 7.715e-05   elapsed = 234.14 s
darts =  820,000,000 / 1,000,000,000   pi = 3.14151614   error = 7.651e-05   elapsed = 234.42 s
  --> periodic checkpoint saved at dart 820,000,000
darts =  821,000,000 / 1,000,000,000   pi = 3.14151948   error = 7.317e-05   elapsed = 234.72 s
darts =  822,000,000 / 1,000,000,000   pi = 3.14151940   error = 7.326e-05   elapsed = 235.00 s
darts =  823,000,000 / 1,000,000,000   pi = 3.14151986   error = 7.279e-05   elapsed = 235.29 s
darts =  824,000,000 / 1,000,000,000   pi = 3.14151928   error = 7.337e-05   elapsed = 235.57 s
darts =  825,000,000 / 1,000,000,000   pi = 3.14151924   error = 7.341e-05   elapsed = 235.85 s
  --> periodic checkpoint saved at dart 825,000,000
darts =  826,000,000 / 1,000,000,000   pi = 3.14151796   error = 7.469e-05   elapsed = 236.15 s
darts =  827,000,000 / 1,000,000,000   pi = 3.14151694   error = 7.572e-05   elapsed = 236.44 s
darts =  828,000,000 / 1,000,000,000   pi = 3.14151764   error = 7.501e-05   elapsed = 236.72 s
darts =  829,000,000 / 1,000,000,000   pi = 3.14151651   error = 7.614e-05   elapsed = 237.00 s
darts =  830,000,000 / 1,000,000,000   pi = 3.14151721   error = 7.544e-05   elapsed = 237.29 s
  --> periodic checkpoint saved at dart 830,000,000
darts =  831,000,000 / 1,000,000,000   pi = 3.14151563   error = 7.702e-05   elapsed = 237.58 s
darts =  832,000,000 / 1,000,000,000   pi = 3.14151621   error = 7.644e-05   elapsed = 237.87 s
darts =  833,000,000 / 1,000,000,000   pi = 3.14151498   error = 7.768e-05   elapsed = 238.15 s
darts =  834,000,000 / 1,000,000,000   pi = 3.14151579   error = 7.686e-05   elapsed = 238.43 s
darts =  835,000,000 / 1,000,000,000   pi = 3.14151071   error = 8.194e-05   elapsed = 238.72 s
  --> periodic checkpoint saved at dart 835,000,000
darts =  836,000,000 / 1,000,000,000   pi = 3.14150986   error = 8.279e-05   elapsed = 239.02 s
darts =  837,000,000 / 1,000,000,000   pi = 3.14150995   error = 8.271e-05   elapsed = 239.30 s
darts =  838,000,000 / 1,000,000,000   pi = 3.14150998   error = 8.267e-05   elapsed = 239.58 s
darts =  839,000,000 / 1,000,000,000   pi = 3.14150583   error = 8.682e-05   elapsed = 239.87 s
darts =  840,000,000 / 1,000,000,000   pi = 3.14150383   error = 8.882e-05   elapsed = 240.15 s
  --> periodic checkpoint saved at dart 840,000,000
darts =  841,000,000 / 1,000,000,000   pi = 3.14150148   error = 9.117e-05   elapsed = 240.44 s
darts =  842,000,000 / 1,000,000,000   pi = 3.14149795   error = 9.471e-05   elapsed = 240.73 s
darts =  843,000,000 / 1,000,000,000   pi = 3.14150127   error = 9.139e-05   elapsed = 241.01 s
darts =  844,000,000 / 1,000,000,000   pi = 3.14150428   error = 8.837e-05   elapsed = 241.29 s
darts =  845,000,000 / 1,000,000,000   pi = 3.14150520   error = 8.745e-05   elapsed = 241.58 s
  --> periodic checkpoint saved at dart 845,000,000
darts =  846,000,000 / 1,000,000,000   pi = 3.14150718   error = 8.548e-05   elapsed = 241.87 s
darts =  847,000,000 / 1,000,000,000   pi = 3.14150607   error = 8.659e-05   elapsed = 242.16 s
darts =  848,000,000 / 1,000,000,000   pi = 3.14150708   error = 8.557e-05   elapsed = 242.44 s
darts =  849,000,000 / 1,000,000,000   pi = 3.14151079   error = 8.186e-05   elapsed = 242.72 s
darts =  850,000,000 / 1,000,000,000   pi = 3.14150942   error = 8.324e-05   elapsed = 243.01 s
  --> periodic checkpoint saved at dart 850,000,000
darts =  851,000,000 / 1,000,000,000   pi = 3.14150865   error = 8.400e-05   elapsed = 243.30 s
darts =  852,000,000 / 1,000,000,000   pi = 3.14150840   error = 8.425e-05   elapsed = 243.59 s
darts =  853,000,000 / 1,000,000,000   pi = 3.14151152   error = 8.113e-05   elapsed = 243.87 s
darts =  854,000,000 / 1,000,000,000   pi = 3.14151205   error = 8.061e-05   elapsed = 244.15 s
darts =  855,000,000 / 1,000,000,000   pi = 3.14151128   error = 8.137e-05   elapsed = 244.44 s
  --> periodic checkpoint saved at dart 855,000,000
darts =  856,000,000 / 1,000,000,000   pi = 3.14151385   error = 7.880e-05   elapsed = 244.73 s
darts =  857,000,000 / 1,000,000,000   pi = 3.14151009   error = 8.257e-05   elapsed = 245.02 s
darts =  858,000,000 / 1,000,000,000   pi = 3.14151277   error = 7.988e-05   elapsed = 245.30 s
darts =  859,000,000 / 1,000,000,000   pi = 3.14151025   error = 8.240e-05   elapsed = 245.58 s
darts =  860,000,000 / 1,000,000,000   pi = 3.14150900   error = 8.365e-05   elapsed = 245.87 s
  --> periodic checkpoint saved at dart 860,000,000
darts =  861,000,000 / 1,000,000,000   pi = 3.14150900   error = 8.365e-05   elapsed = 246.16 s
darts =  862,000,000 / 1,000,000,000   pi = 3.14150657   error = 8.609e-05   elapsed = 246.45 s
darts =  863,000,000 / 1,000,000,000   pi = 3.14150860   error = 8.405e-05   elapsed = 246.73 s
darts =  864,000,000 / 1,000,000,000   pi = 3.14150654   error = 8.611e-05   elapsed = 247.01 s
darts =  865,000,000 / 1,000,000,000   pi = 3.14150548   error = 8.717e-05   elapsed = 247.30 s
  --> periodic checkpoint saved at dart 865,000,000
darts =  866,000,000 / 1,000,000,000   pi = 3.14150754   error = 8.511e-05   elapsed = 247.59 s
darts =  867,000,000 / 1,000,000,000   pi = 3.14150719   error = 8.546e-05   elapsed = 247.88 s
darts =  868,000,000 / 1,000,000,000   pi = 3.14150582   error = 8.683e-05   elapsed = 248.16 s
darts =  869,000,000 / 1,000,000,000   pi = 3.14150719   error = 8.546e-05   elapsed = 248.44 s
darts =  870,000,000 / 1,000,000,000   pi = 3.14150476   error = 8.789e-05   elapsed = 248.73 s
  --> periodic checkpoint saved at dart 870,000,000
darts =  871,000,000 / 1,000,000,000   pi = 3.14150364   error = 8.902e-05   elapsed = 249.02 s
darts =  872,000,000 / 1,000,000,000   pi = 3.14150277   error = 8.988e-05   elapsed = 249.31 s
darts =  873,000,000 / 1,000,000,000   pi = 3.14150357   error = 8.908e-05   elapsed = 249.59 s
darts =  874,000,000 / 1,000,000,000   pi = 3.14150423   error = 8.842e-05   elapsed = 249.87 s
darts =  875,000,000 / 1,000,000,000   pi = 3.14150255   error = 9.010e-05   elapsed = 250.16 s
  --> periodic checkpoint saved at dart 875,000,000
darts =  876,000,000 / 1,000,000,000   pi = 3.14150099   error = 9.167e-05   elapsed = 250.45 s
darts =  877,000,000 / 1,000,000,000   pi = 3.14150404   error = 8.862e-05   elapsed = 250.74 s
darts =  878,000,000 / 1,000,000,000   pi = 3.14150473   error = 8.792e-05   elapsed = 251.02 s
darts =  879,000,000 / 1,000,000,000   pi = 3.14150652   error = 8.613e-05   elapsed = 251.30 s
darts =  880,000,000 / 1,000,000,000   pi = 3.14150564   error = 8.701e-05   elapsed = 251.59 s
  --> periodic checkpoint saved at dart 880,000,000
darts =  881,000,000 / 1,000,000,000   pi = 3.14150902   error = 8.363e-05   elapsed = 251.88 s
darts =  882,000,000 / 1,000,000,000   pi = 3.14151103   error = 8.162e-05   elapsed = 252.17 s
darts =  883,000,000 / 1,000,000,000   pi = 3.14151104   error = 8.161e-05   elapsed = 252.45 s
darts =  884,000,000 / 1,000,000,000   pi = 3.14150934   error = 8.331e-05   elapsed = 252.73 s
darts =  885,000,000 / 1,000,000,000   pi = 3.14151066   error = 8.199e-05   elapsed = 253.02 s
  --> periodic checkpoint saved at dart 885,000,000
darts =  886,000,000 / 1,000,000,000   pi = 3.14151293   error = 7.973e-05   elapsed = 253.32 s
darts =  887,000,000 / 1,000,000,000   pi = 3.14151204   error = 8.062e-05   elapsed = 253.60 s
darts =  888,000,000 / 1,000,000,000   pi = 3.14151197   error = 8.068e-05   elapsed = 253.88 s
darts =  889,000,000 / 1,000,000,000   pi = 3.14151204   error = 8.061e-05   elapsed = 254.16 s
darts =  890,000,000 / 1,000,000,000   pi = 3.14151369   error = 7.896e-05   elapsed = 254.45 s
  --> periodic checkpoint saved at dart 890,000,000
darts =  891,000,000 / 1,000,000,000   pi = 3.14151640   error = 7.625e-05   elapsed = 254.75 s
darts =  892,000,000 / 1,000,000,000   pi = 3.14151756   error = 7.509e-05   elapsed = 255.03 s
darts =  893,000,000 / 1,000,000,000   pi = 3.14151760   error = 7.505e-05   elapsed = 255.31 s
darts =  894,000,000 / 1,000,000,000   pi = 3.14151672   error = 7.594e-05   elapsed = 255.59 s
darts =  895,000,000 / 1,000,000,000   pi = 3.14152007   error = 7.258e-05   elapsed = 255.88 s
  --> periodic checkpoint saved at dart 895,000,000
darts =  896,000,000 / 1,000,000,000   pi = 3.14152000   error = 7.265e-05   elapsed = 256.17 s
darts =  897,000,000 / 1,000,000,000   pi = 3.14151936   error = 7.329e-05   elapsed = 256.46 s
darts =  898,000,000 / 1,000,000,000   pi = 3.14152076   error = 7.190e-05   elapsed = 256.74 s
darts =  899,000,000 / 1,000,000,000   pi = 3.14152255   error = 7.010e-05   elapsed = 257.02 s
darts =  900,000,000 / 1,000,000,000   pi = 3.14152026   error = 7.239e-05   elapsed = 257.31 s
  --> periodic checkpoint saved at dart 900,000,000
darts =  901,000,000 / 1,000,000,000   pi = 3.14152087   error = 7.179e-05   elapsed = 257.60 s
darts =  902,000,000 / 1,000,000,000   pi = 3.14152365   error = 6.900e-05   elapsed = 257.89 s
darts =  903,000,000 / 1,000,000,000   pi = 3.14152572   error = 6.693e-05   elapsed = 258.17 s
darts =  904,000,000 / 1,000,000,000   pi = 3.14152812   error = 6.454e-05   elapsed = 258.45 s
darts =  905,000,000 / 1,000,000,000   pi = 3.14153094   error = 6.171e-05   elapsed = 258.74 s
  --> periodic checkpoint saved at dart 905,000,000
darts =  906,000,000 / 1,000,000,000   pi = 3.14153044   error = 6.221e-05   elapsed = 259.05 s
darts =  907,000,000 / 1,000,000,000   pi = 3.14153207   error = 6.059e-05   elapsed = 259.33 s
darts =  908,000,000 / 1,000,000,000   pi = 3.14153037   error = 6.229e-05   elapsed = 259.61 s
darts =  909,000,000 / 1,000,000,000   pi = 3.14153066   error = 6.200e-05   elapsed = 259.90 s
darts =  910,000,000 / 1,000,000,000   pi = 3.14153006   error = 6.260e-05   elapsed = 260.18 s
  --> periodic checkpoint saved at dart 910,000,000
darts =  911,000,000 / 1,000,000,000   pi = 3.14152695   error = 6.571e-05   elapsed = 260.48 s
darts =  912,000,000 / 1,000,000,000   pi = 3.14152861   error = 6.404e-05   elapsed = 260.76 s
darts =  913,000,000 / 1,000,000,000   pi = 3.14152802   error = 6.463e-05   elapsed = 261.05 s
darts =  914,000,000 / 1,000,000,000   pi = 3.14152817   error = 6.449e-05   elapsed = 261.33 s
darts =  915,000,000 / 1,000,000,000   pi = 3.14153093   error = 6.172e-05   elapsed = 261.62 s
  --> periodic checkpoint saved at dart 915,000,000
darts =  916,000,000 / 1,000,000,000   pi = 3.14152921   error = 6.344e-05   elapsed = 261.91 s
darts =  917,000,000 / 1,000,000,000   pi = 3.14153115   error = 6.150e-05   elapsed = 262.19 s
darts =  918,000,000 / 1,000,000,000   pi = 3.14153094   error = 6.172e-05   elapsed = 262.48 s
darts =  919,000,000 / 1,000,000,000   pi = 3.14153103   error = 6.163e-05   elapsed = 262.76 s
darts =  920,000,000 / 1,000,000,000   pi = 3.14153144   error = 6.121e-05   elapsed = 263.04 s
  --> periodic checkpoint saved at dart 920,000,000
darts =  921,000,000 / 1,000,000,000   pi = 3.14153481   error = 5.785e-05   elapsed = 263.34 s
darts =  922,000,000 / 1,000,000,000   pi = 3.14153478   error = 5.787e-05   elapsed = 263.62 s
darts =  923,000,000 / 1,000,000,000   pi = 3.14153821   error = 5.445e-05   elapsed = 263.91 s
darts =  924,000,000 / 1,000,000,000   pi = 3.14153914   error = 5.351e-05   elapsed = 264.19 s
darts =  925,000,000 / 1,000,000,000   pi = 3.14153885   error = 5.380e-05   elapsed = 264.47 s
  --> periodic checkpoint saved at dart 925,000,000
darts =  926,000,000 / 1,000,000,000   pi = 3.14154065   error = 5.200e-05   elapsed = 264.77 s
darts =  927,000,000 / 1,000,000,000   pi = 3.14153767   error = 5.498e-05   elapsed = 265.06 s
darts =  928,000,000 / 1,000,000,000   pi = 3.14153588   error = 5.677e-05   elapsed = 265.34 s
darts =  929,000,000 / 1,000,000,000   pi = 3.14153561   error = 5.705e-05   elapsed = 265.62 s
darts =  930,000,000 / 1,000,000,000   pi = 3.14153509   error = 5.756e-05   elapsed = 265.91 s
  --> periodic checkpoint saved at dart 930,000,000
darts =  931,000,000 / 1,000,000,000   pi = 3.14153475   error = 5.790e-05   elapsed = 266.20 s
darts =  932,000,000 / 1,000,000,000   pi = 3.14153612   error = 5.654e-05   elapsed = 266.49 s
darts =  933,000,000 / 1,000,000,000   pi = 3.14153915   error = 5.350e-05   elapsed = 266.77 s
darts =  934,000,000 / 1,000,000,000   pi = 3.14154024   error = 5.241e-05   elapsed = 267.05 s
darts =  935,000,000 / 1,000,000,000   pi = 3.14153821   error = 5.444e-05   elapsed = 267.34 s
  --> periodic checkpoint saved at dart 935,000,000
darts =  936,000,000 / 1,000,000,000   pi = 3.14153945   error = 5.320e-05   elapsed = 267.63 s
darts =  937,000,000 / 1,000,000,000   pi = 3.14153612   error = 5.653e-05   elapsed = 267.92 s
darts =  938,000,000 / 1,000,000,000   pi = 3.14153484   error = 5.781e-05   elapsed = 268.20 s
darts =  939,000,000 / 1,000,000,000   pi = 3.14153585   error = 5.680e-05   elapsed = 268.48 s
darts =  940,000,000 / 1,000,000,000   pi = 3.14153568   error = 5.698e-05   elapsed = 268.77 s
  --> periodic checkpoint saved at dart 940,000,000
darts =  941,000,000 / 1,000,000,000   pi = 3.14153515   error = 5.750e-05   elapsed = 269.06 s
darts =  942,000,000 / 1,000,000,000   pi = 3.14153415   error = 5.850e-05   elapsed = 269.35 s
darts =  943,000,000 / 1,000,000,000   pi = 3.14153177   error = 6.089e-05   elapsed = 269.63 s
darts =  944,000,000 / 1,000,000,000   pi = 3.14153275   error = 5.990e-05   elapsed = 269.91 s
darts =  945,000,000 / 1,000,000,000   pi = 3.14153180   error = 6.085e-05   elapsed = 270.20 s
  --> periodic checkpoint saved at dart 945,000,000
darts =  946,000,000 / 1,000,000,000   pi = 3.14153563   error = 5.702e-05   elapsed = 270.49 s
darts =  947,000,000 / 1,000,000,000   pi = 3.14153843   error = 5.422e-05   elapsed = 270.78 s
darts =  948,000,000 / 1,000,000,000   pi = 3.14153938   error = 5.327e-05   elapsed = 271.06 s
darts =  949,000,000 / 1,000,000,000   pi = 3.14154216   error = 5.049e-05   elapsed = 271.35 s
darts =  950,000,000 / 1,000,000,000   pi = 3.14154568   error = 4.698e-05   elapsed = 271.63 s
  --> periodic checkpoint saved at dart 950,000,000
darts =  951,000,000 / 1,000,000,000   pi = 3.14154291   error = 4.974e-05   elapsed = 271.93 s
darts =  952,000,000 / 1,000,000,000   pi = 3.14153989   error = 5.277e-05   elapsed = 272.21 s
darts =  953,000,000 / 1,000,000,000   pi = 3.14153542   error = 5.723e-05   elapsed = 272.49 s
darts =  954,000,000 / 1,000,000,000   pi = 3.14153467   error = 5.798e-05   elapsed = 272.78 s
darts =  955,000,000 / 1,000,000,000   pi = 3.14153356   error = 5.909e-05   elapsed = 273.06 s
  --> periodic checkpoint saved at dart 955,000,000
darts =  956,000,000 / 1,000,000,000   pi = 3.14153601   error = 5.664e-05   elapsed = 273.36 s
darts =  957,000,000 / 1,000,000,000   pi = 3.14153822   error = 5.443e-05   elapsed = 273.64 s
darts =  958,000,000 / 1,000,000,000   pi = 3.14153776   error = 5.490e-05   elapsed = 273.92 s
darts =  959,000,000 / 1,000,000,000   pi = 3.14153587   error = 5.678e-05   elapsed = 274.21 s
darts =  960,000,000 / 1,000,000,000   pi = 3.14153528   error = 5.737e-05   elapsed = 274.49 s
  --> periodic checkpoint saved at dart 960,000,000
darts =  961,000,000 / 1,000,000,000   pi = 3.14153816   error = 5.450e-05   elapsed = 274.79 s
darts =  962,000,000 / 1,000,000,000   pi = 3.14153692   error = 5.573e-05   elapsed = 275.07 s
darts =  963,000,000 / 1,000,000,000   pi = 3.14153525   error = 5.741e-05   elapsed = 275.35 s
darts =  964,000,000 / 1,000,000,000   pi = 3.14153500   error = 5.765e-05   elapsed = 275.64 s
darts =  965,000,000 / 1,000,000,000   pi = 3.14153537   error = 5.728e-05   elapsed = 275.92 s
  --> periodic checkpoint saved at dart 965,000,000
darts =  966,000,000 / 1,000,000,000   pi = 3.14153616   error = 5.650e-05   elapsed = 276.22 s
darts =  967,000,000 / 1,000,000,000   pi = 3.14153765   error = 5.500e-05   elapsed = 276.50 s
darts =  968,000,000 / 1,000,000,000   pi = 3.14153790   error = 5.475e-05   elapsed = 276.78 s
darts =  969,000,000 / 1,000,000,000   pi = 3.14153587   error = 5.678e-05   elapsed = 277.07 s
darts =  970,000,000 / 1,000,000,000   pi = 3.14153508   error = 5.758e-05   elapsed = 277.35 s
  --> periodic checkpoint saved at dart 970,000,000
darts =  971,000,000 / 1,000,000,000   pi = 3.14153525   error = 5.740e-05   elapsed = 277.65 s
darts =  972,000,000 / 1,000,000,000   pi = 3.14153708   error = 5.558e-05   elapsed = 277.93 s
darts =  973,000,000 / 1,000,000,000   pi = 3.14153674   error = 5.591e-05   elapsed = 278.21 s
darts =  974,000,000 / 1,000,000,000   pi = 3.14153802   error = 5.463e-05   elapsed = 278.50 s
darts =  975,000,000 / 1,000,000,000   pi = 3.14153959   error = 5.306e-05   elapsed = 278.78 s
  --> periodic checkpoint saved at dart 975,000,000
darts =  976,000,000 / 1,000,000,000   pi = 3.14153918   error = 5.347e-05   elapsed = 279.08 s
darts =  977,000,000 / 1,000,000,000   pi = 3.14153947   error = 5.319e-05   elapsed = 279.36 s
darts =  978,000,000 / 1,000,000,000   pi = 3.14153747   error = 5.519e-05   elapsed = 279.64 s
darts =  979,000,000 / 1,000,000,000   pi = 3.14154038   error = 5.228e-05   elapsed = 279.93 s
darts =  980,000,000 / 1,000,000,000   pi = 3.14154082   error = 5.183e-05   elapsed = 280.21 s
  --> periodic checkpoint saved at dart 980,000,000
darts =  981,000,000 / 1,000,000,000   pi = 3.14153728   error = 5.537e-05   elapsed = 280.51 s
darts =  982,000,000 / 1,000,000,000   pi = 3.14153730   error = 5.536e-05   elapsed = 280.79 s
darts =  983,000,000 / 1,000,000,000   pi = 3.14153791   error = 5.475e-05   elapsed = 281.07 s
darts =  984,000,000 / 1,000,000,000   pi = 3.14153815   error = 5.451e-05   elapsed = 281.36 s
darts =  985,000,000 / 1,000,000,000   pi = 3.14153652   error = 5.614e-05   elapsed = 281.64 s
  --> periodic checkpoint saved at dart 985,000,000
darts =  986,000,000 / 1,000,000,000   pi = 3.14153877   error = 5.388e-05   elapsed = 281.94 s
darts =  987,000,000 / 1,000,000,000   pi = 3.14154018   error = 5.247e-05   elapsed = 282.22 s
darts =  988,000,000 / 1,000,000,000   pi = 3.14153905   error = 5.360e-05   elapsed = 282.50 s
darts =  989,000,000 / 1,000,000,000   pi = 3.14153856   error = 5.410e-05   elapsed = 282.79 s
darts =  990,000,000 / 1,000,000,000   pi = 3.14154125   error = 5.141e-05   elapsed = 283.07 s
  --> periodic checkpoint saved at dart 990,000,000
darts =  991,000,000 / 1,000,000,000   pi = 3.14154212   error = 5.053e-05   elapsed = 283.37 s
darts =  992,000,000 / 1,000,000,000   pi = 3.14154309   error = 4.956e-05   elapsed = 283.65 s
darts =  993,000,000 / 1,000,000,000   pi = 3.14154412   error = 4.854e-05   elapsed = 283.94 s
darts =  994,000,000 / 1,000,000,000   pi = 3.14154239   error = 5.026e-05   elapsed = 284.22 s
darts =  995,000,000 / 1,000,000,000   pi = 3.14154343   error = 4.922e-05   elapsed = 284.50 s
  --> periodic checkpoint saved at dart 995,000,000
darts =  996,000,000 / 1,000,000,000   pi = 3.14154155   error = 5.110e-05   elapsed = 284.80 s
darts =  997,000,000 / 1,000,000,000   pi = 3.14153895   error = 5.370e-05   elapsed = 285.08 s
darts =  998,000,000 / 1,000,000,000   pi = 3.14153707   error = 5.558e-05   elapsed = 285.37 s
darts =  999,000,000 / 1,000,000,000   pi = 3.14153555   error = 5.710e-05   elapsed = 285.65 s
darts = 1,000,000,000 / 1,000,000,000   pi = 3.14153665   error = 5.601e-05   elapsed = 285.94 s
  --> periodic checkpoint saved at dart 1,000,000,000

========================================================================
CALCULATION COMPLETE
========================================================================
Darts thrown       : 1,000,000,000
Inside circle      : 785,384,162
Estimated pi       : 3.1415366480
Python math.pi     : 3.1415926536
Absolute error     : 5.600559e-05
Total elapsed time : 285.95 s
========================================================================

============================================================
Application completed normally
============================================================
Job ID        : 15378
Restart count : 2
Time          : Wed Sep 23 18:51:02 EDT 2026
============================================================
